20130825,47.6062095,-122.3320708,0,0.0, 0.0, 0.0, 0.0, 0.0, 0.0, 0.0, 0.0, 67.0, 52.0, 29.91, 2.0, 0.0, 128.0, 10.0, 0.0, 73.0, 62.0, 70.0, 45.0, 56.0, 49.0, 29.95, 29.88, 8.0, 0.0, 10.0, 10.0, 0.0
20130827,47.6062095,-122.3320708,0,0.0, 1.0, 0.0, 0.0, 0.0, 0.0, 0.0, 0.0, 72.0, 56.0, 29.88, 2.0, 0.0, 277.0, 10.0, 0.0, 80.0, 64.0, 80.0, 45.0, 58.0, 51.0, 29.96, 29.79, 8.0, 0.0, 10.0, 10.0, 0.0
20130820,47.6062095,-122.3320708,0,0.0, 0.0, 0.0, 0.0, 0.0, 0.0, 0.0, 0.0, 68.0, 48.0, 30.13, 4.0, 0.0, 333.0, 10.0, 0.0, 77.0, 62.0, 63.0, 36.0, 52.0, 45.0, 30.17, 30.07, 13.0, 0.0, 10.0, 10.0, 0.0
20130821,47.6062095,-122.3320708,0,0.0, 0.0, 0.0, 0.0, 0.0, 0.0, 0.0, 0.0, 69.0, 50.0, 30.03, 2.0, 0.0, 321.0, 10.0, 0.0, 80.0, 59.0, 69.0, 38.0, 52.0, 47.0, 30.1, 29.94, 12.0, 0.0, 10.0, 10.0, 0.0
20130822,47.6062095,-122.3320708,0,0.0, 0.0, 0.0, 0.0, 0.0, 0.0, 0.0, 0.0, 72.0, 51.0, 29.88, 2.0, 0.0, 313.0, 10.0, 0.0, 82.0, 62.0, 65.0, 33.0, 54.0, 49.0, 29.95, 29.81, 8.0, 0.0, 10.0, 10.0, 0.0
20130823,47.6062095,-122.3320708,0,0.0, 0.0, 0.0, 0.0, 0.0, 0.0, 0.0, 0.0, 68.0, 54.0, 29.88, 7.0, 0.0, 183.0, 10.0, 0.0, 78.0, 62.0, 78.0, 45.0, 56.0, 51.0, 29.9, 29.84, 12.0, 4.0, 10.0, 10.0, 0.0
20130828,47.6062095,-122.3320708,0,0.0, 1.0, 0.0, 0.0, 0.0, 0.0, 0.0, 0.0, 71.0, 59.0, 29.87, 2.0, 0.0, 218.0, 10.0, 0.0, 81.0, 62.0, 88.0, 47.0, 63.0, 56.0, 29.9, 29.84, 6.0, 0.0, 10.0, 7.0, 0.0
20130829,47.6062095,-122.3320708,0,0.0, 1.0, 0.0, 0.0, 0.0, 0.0, 1.0, 0.0, 72.0, 63.0, 29.92, 4.0, 0.0, 144.0, 9.0, 0.0, 75.0, 66.0, 88.0, 64.0, 66.0, 61.0, 30.02, 29.87, 13.0, 0.0, 10.0, 2.0, 0.38
20130718,47.6062095,-122.3320708,0,0.0, 0.0, 0.0, 0.0, 0.0, 0.0, 0.0, 0.0, 69.0, 53.0, 30.19, 3.0, 0.0, 285.0, 10.0, 0.0, 79.0, 60.0, 78.0, 43.0, 54.0, 52.0, 30.23, 30.12, 7.0, 0.0, 10.0, 10.0, 0.0
20130719,47.6062095,-122.3320708,0,0.0, 0.0, 0.0, 0.0, 0.0, 0.0, 0.0, 0.0, 70.0, 55.0, 30.12, 3.0, 0.0, 340.0, 10.0, 0.0, 81.0, 60.0, 80.0, 43.0, 56.0, 54.0, 30.18, 30.04, 8.0, 0.0, 10.0, 8.0, 0.0
20130712,47.6062095,-122.3320708,0,0.0, 0.0, 0.0, 0.0, 0.0, 0.0, 0.0, 0.0, 62.0, 47.0, 30.05, 2.0, 0.0, 277.0, 10.0, 0.0, 68.0, 57.0, 67.0, 49.0, 50.0, 45.0, 30.11, 30.03, 7.0, 0.0, 10.0, 10.0, 0.0
20130713,47.6062095,-122.3320708,0,0.0, 0.0, 0.0, 0.0, 0.0, 0.0, 0.0, 0.0, 65.0, 46.0, 30.15, 3.0, 0.0, 309.0, 10.0, 0.0, 77.0, 55.0, 80.0, 30.0, 49.0, 42.0, 30.21, 30.12, 13.0, 0.0, 10.0, 10.0, 0.0
20130710,47.6062095,-122.3320708,0,0.0, 0.0, 0.0, 0.0, 0.0, 0.0, 0.0, 0.0, 66.0, 52.0, 30.03, 3.0, 0.0, 252.0, 10.0, 0.0, 73.0, 60.0, 78.0, 50.0, 54.0, 49.0, 30.09, 29.96, 9.0, 0.0, 10.0, 10.0, 0.0
20130711,47.6062095,-122.3320708,0,0.0, 0.0, 0.0, 0.0, 0.0, 0.0, 0.0, 0.0, 64.0, 46.0, 30.05, 5.0, 0.0, 119.0, 10.0, 0.0, 72.0, 57.0, 67.0, 38.0, 48.0, 43.0, 30.09, 30.01, 12.0, 0.0, 10.0, 10.0, 0.0
20130716,47.6062095,-122.3320708,0,0.0, 1.0, 0.0, 0.0, 0.0, 0.0, 0.0, 0.0, 75.0, 49.0, 29.86, 4.0, 0.0, 322.0, 10.0, 0.0, 86.0, 64.0, 61.0, 27.0, 57.0, 45.0, 29.91, 29.79, 9.0, 0.0, 10.0, 10.0, 0.0
20130717,47.6062095,-122.3320708,0,0.0, 1.0, 0.0, 0.0, 0.0, 0.0, 0.0, 0.0, 68.0, 54.0, 30.11, 7.0, 0.0, 187.0, 10.0, 0.0, 73.0, 62.0, 78.0, 49.0, 57.0, 52.0, 30.2, 29.89, 12.0, 0.0, 10.0, 10.0, 0.0
20130714,47.6062095,-122.3320708,0,0.0, 0.0, 0.0, 0.0, 0.0, 0.0, 0.0, 0.0, 70.0, 46.0, 30.08, 3.0, 0.0, 327.0, 10.0, 0.0, 82.0, 57.0, 70.0, 25.0, 50.0, 41.0, 30.14, 29.99, 8.0, 0.0, 10.0, 10.0, 0.0
20130715,47.6062095,-122.3320708,0,0.0, 0.0, 0.0, 0.0, 0.0, 0.0, 0.0, 0.0, 70.0, 48.0, 29.99, 5.0, 0.0, 326.0, 10.0, 0.0, 81.0, 61.0, 64.0, 28.0, 53.0, 43.0, 30.06, 29.9, 13.0, 0.0, 10.0, 10.0, 0.0
20140827,47.6062095,-122.3320708,0,0.0, 0.0, 0.0, 0.0, 0.0, 0.0, 0.0, 0.0, 76.0, 56.0, 30.01, 1.0, 0.0, 314.0, 10.0, 0.0, 88.0, 66.0, 68.0, 28.0, 58.0, 50.0, 30.04, 29.98, 6.0, 0.0, 10.0, 10.0, 0.0
20140823,47.6062095,-122.3320708,0,0.0, 0.0, 0.0, 0.0, 0.0, 0.0, 0.0, 0.0, 72.0, 54.0, 30.08, 2.0, 0.0, 322.0, 10.0, 0.0, 84.0, 60.0, 83.0, 32.0, 56.0, 51.0, 30.15, 30.0, 6.0, 0.0, 10.0, 10.0, 0.0
20140821,47.6062095,-122.3320708,0,0.0, 0.0, 0.0, 0.0, 0.0, 0.0, 0.0, 0.0, 64.0, 51.0, 30.02, 5.0, 0.0, 189.0, 10.0, 0.0, 73.0, 57.0, 82.0, 47.0, 52.0, 49.0, 30.05, 29.96, 8.0, 0.0, 10.0, 10.0, 0.0
20140829,47.6062095,-122.3320708,0,0.0, 0.0, 0.0, 0.0, 0.0, 0.0, 0.0, 0.0, 66.0, 55.0, 29.97, 5.0, 0.0, 197.0, 10.0, 0.0, 75.0, 60.0, 84.0, 49.0, 58.0, 51.0, 30.0, 29.93, 9.0, 0.0, 10.0, 10.0, 0.0
20140214,47.6062095,-122.3320708,0,0.0, 1.0, 0.0, 0.0, 0.0, 0.0, 0.0, 0.0, 48.0, 41.0, 29.78, 9.0, 0.0, 172.0, 10.0, 0.0, 54.0, 41.0, 86.0, 61.0, 45.0, 35.0, 29.96, 29.6, 18.0, 4.0, 10.0, 4.0, 0.41
20140215,47.6062095,-122.3320708,0,0.0, 1.0, 0.0, 0.0, 0.0, 0.0, 0.0, 0.0, 44.0, 38.0, 29.61, 5.0, 0.0, 149.0, 10.0, 0.0, 52.0, 37.0, 89.0, 68.0, 46.0, 34.0, 29.95, 29.26, 18.0, 0.0, 10.0, 4.0, 0.51
20130912,47.6062095,-122.3320708,0,0.0, 0.0, 0.0, 0.0, 0.0, 0.0, 0.0, 0.0, 70.0, 58.0, 29.96, 2.0, 0.0, 166.0, 8.0, 0.0, 80.0, 60.0, 90.0, 48.0, 60.0, 56.0, 30.01, 29.91, 8.0, 0.0, 10.0, 3.0, 0.0
20130913,47.6062095,-122.3320708,0,0.0, 0.0, 0.0, 0.0, 0.0, 0.0, 0.0, 0.0, 64.0, 58.0, 29.94, 2.0, 0.0, 206.0, 9.0, 0.0, 68.0, 61.0, 93.0, 73.0, 59.0, 57.0, 29.98, 29.88, 6.0, 0.0, 10.0, 3.0, 0.0
20130914,47.6062095,-122.3320708,0,0.0, 0.0, 0.0, 0.0, 0.0, 0.0, 0.0, 0.0, 66.0, 57.0, 29.82, 2.0, 0.0, 320.0, 9.0, 0.0, 71.0, 62.0, 82.0, 64.0, 59.0, 57.0, 29.88, 29.74, 6.0, 0.0, 10.0, 5.0, 0.0
20140211,47.6062095,-122.3320708,0,0.0, 1.0, 0.0, 0.0, 0.0, 0.0, 0.0, 0.0, 49.0, 43.0, 29.98, 8.0, 0.0, 152.0, 9.0, 0.0, 54.0, 44.0, 86.0, 62.0, 46.0, 39.0, 30.14, 29.59, 14.0, 0.0, 10.0, 5.0, 0.75
20130916,47.6062095,-122.3320708,0,0.0, 0.0, 0.0, 0.0, 0.0, 0.0, 0.0, 0.0, 66.0, 55.0, 29.9, 7.0, 0.0, 169.0, 10.0, 0.0, 72.0, 62.0, 81.0, 59.0, 57.0, 51.0, 29.94, 29.82, 13.0, 0.0, 10.0, 10.0, 0.0
20130917,47.6062095,-122.3320708,0,0.0, 0.0, 0.0, 0.0, 0.0, 0.0, 0.0, 0.0, 62.0, 50.0, 29.9, 3.0, 0.0, 112.0, 10.0, 0.0, 64.0, 60.0, 75.0, 50.0, 52.0, 46.0, 29.94, 29.87, 7.0, 0.0, 10.0, 10.0, 0.0
20130918,47.6062095,-122.3320708,0,0.0, 0.0, 0.0, 0.0, 0.0, 0.0, 0.0, 0.0, 64.0, 50.0, 30.04, 5.0, 0.0, 163.0, 10.0, 0.0, 71.0, 57.0, 81.0, 42.0, 53.0, 47.0, 30.08, 29.95, 10.0, 0.0, 10.0, 10.0, 0.0
20130919,47.6062095,-122.3320708,0,0.0, 0.0, 0.0, 0.0, 0.0, 0.0, 0.0, 0.0, 66.0, 48.0, 29.9, 1.0, 0.0, 325.0, 10.0, 0.0, 79.0, 53.0, 80.0, 30.0, 51.0, 44.0, 30.04, 29.77, 6.0, 0.0, 10.0, 10.0, 0.0
20140219,47.6062095,-122.3320708,0,0.0, 1.0, 0.0, 0.0, 0.0, 0.0, 0.0, 0.0, 44.0, 35.0, 30.05, 9.0, 0.0, 186.0, 10.0, 0.0, 48.0, 41.0, 81.0, 56.0, 37.0, 33.0, 30.14, 29.88, 15.0, 4.0, 10.0, 10.0, 0.02
20141030,47.6062095,-122.3320708,0,0.0, 1.0, 0.0, 0.0, 0.0, 0.0, 0.0, 0.0, 58.0, 53.0, 29.83, 2.0, 0.0, 136.0, 9.0, 0.0, 62.0, 55.0, 88.0, 75.0, 55.0, 50.0, 30.01, 29.74, 8.0, 0.0, 10.0, 2.0, 0.67
20140521,47.6062095,-122.3320708,0,0.0, 0.0, 0.0, 0.0, 0.0, 0.0, 0.0, 0.0, 62.0, 47.0, 30.16, 1.0, 0.0, 310.0, 10.0, 0.0, 69.0, 55.0, 72.0, 45.0, 51.0, 46.0, 30.19, 30.13, 6.0, 0.0, 10.0, 10.0, 0.0
20150118,47.6062095,-122.3320708,0,0.0, 1.0, 0.0, 0.0, 0.0, 0.0, 0.0, 0.0, 54.0, 44.0, 30.04, 14.0, 0.0, 178.0, 9.0, 0.0, 60.0, 48.0, 82.0, 67.0, 51.0, 42.0, 30.27, 29.64, 22.0, 0.0, 10.0, 3.0, 0.23
20141103,47.6062095,-122.3320708,0,0.0, 1.0, 0.0, 0.0, 0.0, 0.0, 0.0, 0.0, 58.0, 51.0, 30.08, 8.0, 0.0, 153.0, 9.0, 0.0, 60.0, 55.0, 84.0, 75.0, 53.0, 48.0, 30.12, 30.01, 13.0, 6.0, 10.0, 3.0, 0.24
20141102,47.6062095,-122.3320708,0,0.0, 1.0, 0.0, 0.0, 0.0, 0.0, 0.0, 0.0, 51.0, 47.0, 30.1, 5.0, 0.0, 140.0, 9.0, 0.0, 57.0, 45.0, 90.0, 62.0, 52.0, 42.0, 30.15, 30.06, 9.0, 0.0, 10.0, 4.0, 0.11
20141101,47.6062095,-122.3320708,0,0.0, 0.0, 0.0, 0.0, 0.0, 0.0, 0.0, 0.0, 52.0, 45.0, 29.92, 1.0, 0.0, 31.0, 10.0, 0.0, 55.0, 48.0, 89.0, 62.0, 48.0, 42.0, 30.05, 29.84, 6.0, 0.0, 10.0, 7.0, 0.0
20141104,47.6062095,-122.3320708,0,0.0, 1.0, 0.0, 0.0, 0.0, 0.0, 0.0, 0.0, 58.0, 51.0, 30.14, 6.0, 0.0, 128.0, 9.0, 0.0, 61.0, 55.0, 90.0, 67.0, 54.0, 48.0, 30.29, 29.99, 10.0, 0.0, 10.0, 3.0, 0.05
20140320,47.6062095,-122.3320708,0,0.0, 1.0, 0.0, 0.0, 0.0, 0.0, 0.0, 0.0, 44.0, 32.0, 30.32, 6.0, 0.0, 110.0, 10.0, 0.0, 54.0, 37.0, 79.0, 37.0, 36.0, 26.0, 30.38, 30.24, 9.0, 0.0, 10.0, 10.0, 0.0
20141108,47.6062095,-122.3320708,0,0.0, 0.0, 0.0, 0.0, 0.0, 0.0, 0.0, 0.0, 48.0, 42.0, 30.25, 1.0, 0.0, 315.0, 8.0, 0.0, 55.0, 42.0, 93.0, 60.0, 44.0, 39.0, 30.38, 30.06, 7.0, 0.0, 10.0, 2.0, 0.0
20140324,47.6062095,-122.3320708,0,0.0, 0.0, 0.0, 0.0, 0.0, 0.0, 0.0, 0.0, 56.0, 36.0, 30.05, 2.0, 0.0, 343.0, 10.0, 0.0, 68.0, 44.0, 73.0, 26.0, 39.0, 32.0, 30.25, 29.88, 9.0, 0.0, 10.0, 10.0, 0.0
20130316,47.6062095,-122.3320708,0,0.0, 1.0, 0.0, 0.0, 0.0, 0.0, 0.0, 0.0, 46.0, 40.0, 30.03, 9.0, 0.0, 189.0, 10.0, 0.0, 52.0, 42.0, 82.0, 59.0, 45.0, 32.0, 30.14, 29.9, 18.0, 4.0, 10.0, 7.0, 0.04
20130317,47.6062095,-122.3320708,0,0.0, 0.0, 0.0, 0.0, 0.0, 0.0, 0.0, 0.0, 44.0, 33.0, 30.13, 7.0, 0.0, 182.0, 10.0, 0.0, 50.0, 39.0, 81.0, 50.0, 34.0, 31.0, 30.2, 30.0, 13.0, 0.0, 10.0, 10.0, 0.0
20130314,47.6062095,-122.3320708,0,0.0, 1.0, 0.0, 0.0, 0.0, 0.0, 0.0, 0.0, 52.0, 46.0, 30.09, 5.0, 0.0, 157.0, 8.0, 0.0, 55.0, 48.0, 93.0, 62.0, 48.0, 41.0, 30.16, 30.04, 12.0, 0.0, 10.0, 2.0, 0.05
20130315,47.6062095,-122.3320708,0,0.0, 0.0, 0.0, 0.0, 0.0, 0.0, 0.0, 0.0, 54.0, 46.0, 30.18, 8.0, 0.0, 183.0, 10.0, 0.0, 60.0, 48.0, 93.0, 62.0, 48.0, 44.0, 30.21, 30.15, 12.0, 4.0, 10.0, 5.0, 0.0
20130312,47.6062095,-122.3320708,0,0.0, 1.0, 0.0, 0.0, 0.0, 0.0, 0.0, 0.0, 54.0, 47.0, 30.11, 11.0, 0.0, 173.0, 8.0, 0.0, 57.0, 50.0, 88.0, 62.0, 52.0, 44.0, 30.16, 30.09, 15.0, 6.0, 10.0, 3.0, 0.01
20140130,47.6062095,-122.3320708,0,0.0, 0.0, 0.0, 0.0, 0.0, 0.0, 0.0, 0.0, 46.0, 37.0, 29.86, 11.0, 0.0, 174.0, 10.0, 0.0, 48.0, 44.0, 77.0, 63.0, 40.0, 36.0, 29.93, 29.82, 15.0, 6.0, 10.0, 8.0, 0.01
20130310,47.6062095,-122.3320708,0,0.0, 1.0, 0.0, 0.0, 0.0, 0.0, 0.0, 0.0, 44.0, 38.0, 30.46, 5.0, 0.0, 135.0, 10.0, 0.0, 48.0, 39.0, 83.0, 71.0, 41.0, 33.0, 30.5, 30.44, 9.0, 0.0, 10.0, 9.0, 0.01
20130311,47.6062095,-122.3320708,0,0.0, 1.0, 0.0, 0.0, 0.0, 0.0, 0.0, 0.0, 48.0, 41.0, 30.34, 1.0, 0.0, 147.0, 10.0, 0.0, 53.0, 44.0, 86.0, 62.0, 45.0, 39.0, 30.45, 30.17, 7.0, 0.0, 10.0, 6.0, 0.03
20130318,47.6062095,-122.3320708,0,0.0, 1.0, 0.0, 0.0, 0.0, 0.0, 0.0, 0.0, 48.0, 34.0, 30.19, 10.0, 0.0, 169.0, 10.0, 0.0, 54.0, 42.0, 76.0, 37.0, 37.0, 27.0, 30.25, 30.14, 20.0, 0.0, 10.0, 5.0, 0.0
20130319,47.6062095,-122.3320708,0,0.0, 1.0, 0.0, 0.0, 0.0, 0.0, 0.0, 0.0, 46.0, 35.0, 29.96, 3.0, 0.0, 102.0, 9.0, 0.0, 55.0, 39.0, 86.0, 40.0, 41.0, 30.0, 30.22, 29.61, 13.0, 0.0, 10.0, 6.0, 0.37
20131104,47.6062095,-122.3320708,0,0.0, 1.0, 0.0, 0.0, 0.0, 0.0, 0.0, 0.0, 44.0, 36.0, 30.14, 1.0, 0.0, 114.0, 10.0, 0.0, 51.0, 36.0, 97.0, 48.0, 39.0, 32.0, 30.2, 30.06, 5.0, 0.0, 10.0, 8.0, 0.01
20130910,47.6062095,-122.3320708,0,0.0, 0.0, 0.0, 0.0, 0.0, 0.0, 0.0, 0.0, 68.0, 57.0, 29.96, 3.0, 0.0, 319.0, 9.0, 0.0, 77.0, 60.0, 88.0, 54.0, 59.0, 55.0, 30.0, 29.89, 9.0, 0.0, 10.0, 3.0, 0.0
20131102,47.6062095,-122.3320708,0,0.0, 1.0, 0.0, 0.0, 0.0, 0.0, 0.0, 0.0, 52.0, 43.0, 29.72, 11.0, 0.0, 181.0, 9.0, 0.0, 57.0, 46.0, 89.0, 57.0, 50.0, 36.0, 29.89, 29.51, 28.0, 0.0, 10.0, 6.0, 0.38
20130911,47.6062095,-122.3320708,0,0.0, 0.0, 0.0, 0.0, 0.0, 0.0, 0.0, 0.0, 76.0, 57.0, 29.91, 3.0, 0.0, 313.0, 10.0, 0.0, 89.0, 63.0, 75.0, 34.0, 59.0, 55.0, 29.94, 29.86, 9.0, 0.0, 10.0, 10.0, 0.0
20140620,47.6062095,-122.3320708,0,0.0, 1.0, 0.0, 0.0, 0.0, 0.0, 0.0, 0.0, 62.0, 47.0, 30.13, 6.0, 0.0, 102.0, 10.0, 0.0, 69.0, 55.0, 82.0, 42.0, 55.0, 42.0, 30.18, 30.03, 10.0, 0.0, 10.0, 10.0, 0.0
20140624,47.6062095,-122.3320708,0,0.0, 0.0, 0.0, 0.0, 0.0, 0.0, 0.0, 0.0, 68.0, 54.0, 30.08, 4.0, 0.0, 199.0, 10.0, 0.0, 78.0, 60.0, 82.0, 42.0, 56.0, 51.0, 30.12, 30.03, 9.0, 0.0, 10.0, 9.0, 0.0
20140627,47.6062095,-122.3320708,0,0.0, 1.0, 0.0, 0.0, 0.0, 0.0, 0.0, 0.0, 66.0, 54.0, 29.8, 7.0, 0.0, 173.0, 10.0, 0.0, 73.0, 59.0, 81.0, 51.0, 56.0, 49.0, 29.9, 29.73, 14.0, 0.0, 10.0, 8.0, 0.0
20130915,47.6062095,-122.3320708,0,0.0, 1.0, 0.0, 0.0, 0.0, 0.0, 1.0, 0.0, 64.0, 58.0, 29.77, 4.0, 0.0, 174.0, 7.0, 0.0, 68.0, 59.0, 90.0, 73.0, 61.0, 55.0, 29.82, 29.72, 9.0, 0.0, 10.0, 1.0, 0.21
20140403,47.6062095,-122.3320708,0,0.0, 1.0, 0.0, 0.0, 0.0, 0.0, 0.0, 0.0, 51.0, 40.0, 29.95, 7.0, 0.0, 154.0, 10.0, 0.0, 59.0, 45.0, 80.0, 42.0, 45.0, 35.0, 30.01, 29.9, 18.0, 0.0, 10.0, 6.0, 0.11
20140407,47.6062095,-122.3320708,0,0.0, 0.0, 0.0, 0.0, 0.0, 0.0, 0.0, 0.0, 62.0, 47.0, 30.2, 5.0, 0.0, 178.0, 10.0, 0.0, 72.0, 52.0, 83.0, 30.0, 49.0, 39.0, 30.31, 30.07, 10.0, 0.0, 10.0, 10.0, 0.0
20140406,47.6062095,-122.3320708,0,0.0, 0.0, 0.0, 0.0, 0.0, 0.0, 0.0, 0.0, 55.0, 44.0, 30.24, 5.0, 0.0, 147.0, 10.0, 0.0, 60.0, 50.0, 77.0, 58.0, 47.0, 41.0, 30.31, 30.12, 9.0, 0.0, 10.0, 10.0, 0.0
20140409,47.6062095,-122.3320708,0,0.0, 0.0, 0.0, 0.0, 0.0, 0.0, 0.0, 0.0, 51.0, 39.0, 30.24, 1.0, 0.0, 351.0, 10.0, 0.0, 59.0, 45.0, 86.0, 41.0, 43.0, 34.0, 30.29, 30.18, 6.0, 0.0, 10.0, 10.0, 0.01
20130628,47.6062095,-122.3320708,0,0.0, 0.0, 0.0, 0.0, 0.0, 0.0, 0.0, 0.0, 74.0, 59.0, 30.11, 3.0, 0.0, 313.0, 10.0, 0.0, 88.0, 62.0, 84.0, 36.0, 61.0, 56.0, 30.19, 30.04, 10.0, 0.0, 10.0, 10.0, 0.0
20130629,47.6062095,-122.3320708,0,0.0, 0.0, 0.0, 0.0, 0.0, 0.0, 0.0, 0.0, 76.0, 58.0, 30.06, 1.0, 0.0, 291.0, 10.0, 0.0, 87.0, 66.0, 76.0, 40.0, 59.0, 55.0, 30.11, 29.99, 8.0, 0.0, 10.0, 10.0, 0.0
20130622,47.6062095,-122.3320708,0,0.0, 0.0, 0.0, 0.0, 0.0, 0.0, 0.0, 0.0, 66.0, 51.0, 30.0, 1.0, 0.0, 301.0, 10.0, 0.0, 79.0, 55.0, 84.0, 36.0, 53.0, 47.0, 30.13, 29.86, 6.0, 0.0, 10.0, 10.0, 0.0
20130623,47.6062095,-122.3320708,0,0.0, 1.0, 0.0, 0.0, 0.0, 0.0, 0.0, 0.0, 67.0, 55.0, 29.73, 3.0, 0.0, 310.0, 10.0, 0.0, 72.0, 62.0, 94.0, 56.0, 61.0, 49.0, 29.85, 29.61, 8.0, 0.0, 10.0, 4.0, 0.0
20130620,47.6062095,-122.3320708,0,0.0, 1.0, 0.0, 0.0, 0.0, 0.0, 0.0, 0.0, 60.0, 50.0, 30.03, 7.0, 0.0, 181.0, 9.0, 0.0, 64.0, 55.0, 88.0, 58.0, 52.0, 47.0, 30.12, 29.97, 13.0, 0.0, 10.0, 4.0, 0.0
20130621,47.6062095,-122.3320708,0,0.0, 1.0, 0.0, 0.0, 0.0, 0.0, 0.0, 0.0, 62.0, 50.0, 30.14, 4.0, 0.0, 128.0, 10.0, 0.0, 71.0, 55.0, 88.0, 42.0, 52.0, 45.0, 30.17, 30.12, 8.0, 0.0, 10.0, 5.0, 0.01
20130626,47.6062095,-122.3320708,0,0.0, 1.0, 0.0, 0.0, 0.0, 0.0, 0.0, 0.0, 66.0, 56.0, 29.96, 4.0, 0.0, 199.0, 10.0, 0.0, 73.0, 60.0, 87.0, 53.0, 60.0, 53.0, 30.08, 29.86, 9.0, 0.0, 10.0, 6.0, 0.56
20130627,47.6062095,-122.3320708,0,0.0, 1.0, 0.0, 0.0, 0.0, 0.0, 0.0, 0.0, 68.0, 59.0, 30.14, 0.0, 0.0, 148.0, 10.0, 0.0, 72.0, 63.0, 87.0, 63.0, 61.0, 53.0, 30.2, 30.05, 5.0, 0.0, 10.0, 8.0, 0.13
20130624,47.6062095,-122.3320708,0,0.0, 1.0, 0.0, 0.0, 0.0, 0.0, 0.0, 0.0, 64.0, 54.0, 29.65, 7.0, 0.0, 174.0, 9.0, 0.0, 71.0, 59.0, 90.0, 51.0, 59.0, 50.0, 29.71, 29.59, 14.0, 4.0, 10.0, 2.0, 0.01
20130625,47.6062095,-122.3320708,0,0.0, 1.0, 0.0, 0.0, 0.0, 0.0, 1.0, 0.0, 66.0, 55.0, 29.74, 5.0, 0.0, 162.0, 9.0, 0.0, 75.0, 59.0, 87.0, 41.0, 58.0, 49.0, 29.87, 29.69, 18.0, 0.0, 10.0, 2.0, 0.01
20140916,47.6062095,-122.3320708,0,0.0, 0.0, 0.0, 0.0, 0.0, 0.0, 0.0, 0.0, 68.0, 53.0, 29.88, 5.0, 0.0, 168.0, 10.0, 0.0, 75.0, 60.0, 78.0, 48.0, 55.0, 49.0, 29.91, 29.82, 10.0, 0.0, 10.0, 10.0, 0.0
20140915,47.6062095,-122.3320708,0,0.0, 0.0, 0.0, 0.0, 0.0, 0.0, 0.0, 0.0, 70.0, 47.0, 29.83, 1.0, 0.0, 316.0, 10.0, 0.0, 87.0, 55.0, 77.0, 20.0, 53.0, 41.0, 29.88, 29.77, 6.0, 0.0, 10.0, 10.0, 0.0
20140911,47.6062095,-122.3320708,0,0.0, 0.0, 0.0, 0.0, 0.0, 0.0, 0.0, 0.0, 66.0, 35.0, 30.23, 2.0, 0.0, 347.0, 10.0, 0.0, 78.0, 54.0, 62.0, 17.0, 41.0, 29.0, 30.3, 30.13, 7.0, 0.0, 10.0, 10.0, 0.0
20140919,47.6062095,-122.3320708,0,0.0, 0.0, 0.0, 0.0, 0.0, 0.0, 0.0, 0.0, 70.0, 56.0, 30.06, 6.0, 0.0, 180.0, 10.0, 0.0, 78.0, 64.0, 75.0, 42.0, 57.0, 52.0, 30.11, 29.98, 12.0, 0.0, 10.0, 10.0, 0.0
20140918,47.6062095,-122.3320708,0,0.0, 1.0, 0.0, 0.0, 0.0, 0.0, 0.0, 0.0, 66.0, 57.0, 29.83, 4.0, 0.0, 178.0, 10.0, 0.0, 72.0, 62.0, 84.0, 61.0, 59.0, 56.0, 29.97, 29.73, 13.0, 0.0, 10.0, 9.0, 0.0
20140225,47.6062095,-122.3320708,0,0.0, 0.0, 0.0, 0.0, 0.0, 0.0, 0.0, 0.0, 46.0, 37.0, 30.08, 4.0, 0.0, 325.0, 10.0, 0.0, 51.0, 42.0, 86.0, 61.0, 39.0, 36.0, 30.13, 30.0, 8.0, 0.0, 10.0, 6.0, 0.0
20140714,47.6062095,-122.3320708,0,0.0, 0.0, 0.0, 0.0, 0.0, 0.0, 0.0, 0.0, 74.0, 57.0, 30.1, 8.0, 0.0, 217.0, 10.0, 0.0, 87.0, 63.0, 78.0, 34.0, 60.0, 54.0, 30.14, 30.04, 16.0, 0.0, 10.0, 10.0, 0.0
20140716,47.6062095,-122.3320708,0,0.0, 0.0, 0.0, 0.0, 0.0, 0.0, 0.0, 0.0, 75.0, 54.0, 29.97, 4.0, 0.0, 301.0, 10.0, 0.0, 90.0, 61.0, 78.0, 27.0, 57.0, 51.0, 30.02, 29.9, 10.0, 0.0, 10.0, 10.0, 0.0
20140711,47.6062095,-122.3320708,0,0.0, 0.0, 0.0, 0.0, 0.0, 0.0, 0.0, 0.0, 74.0, 53.0, 29.95, 3.0, 0.0, 314.0, 10.0, 0.0, 88.0, 60.0, 80.0, 27.0, 55.0, 50.0, 30.0, 29.92, 10.0, 0.0, 10.0, 10.0, 0.0
20130923,47.6062095,-122.3320708,0,0.0, 1.0, 0.0, 0.0, 0.0, 0.0, 0.0, 0.0, 59.0, 51.0, 29.89, 9.0, 0.0, 171.0, 10.0, 0.0, 63.0, 55.0, 88.0, 65.0, 53.0, 49.0, 29.97, 29.77, 12.0, 0.0, 10.0, 10.0, 0.08
20140713,47.6062095,-122.3320708,0,0.0, 1.0, 0.0, 0.0, 0.0, 0.0, 0.0, 0.0, 74.0, 55.0, 30.07, 3.0, 0.0, 301.0, 10.0, 0.0, 86.0, 64.0, 68.0, 37.0, 61.0, 52.0, 30.11, 30.01, 8.0, 0.0, 10.0, 10.0, 0.0
20140712,47.6062095,-122.3320708,0,0.0, 0.0, 0.0, 0.0, 0.0, 0.0, 0.0, 0.0, 77.0, 54.0, 30.05, 2.0, 0.0, 314.0, 10.0, 0.0, 90.0, 64.0, 73.0, 29.0, 57.0, 49.0, 30.09, 30.0, 9.0, 0.0, 10.0, 10.0, 0.0
20131209,47.6062095,-122.3320708,0,0.0, 0.0, 1.0, 0.0, 0.0, 0.0, 0.0, 0.0, 28.0, 18.0, 30.55, 4.0, 0.0, 137.0, 10.0, 0.0, 34.0, 21.0, 71.0, 50.0, 24.0, 12.0, 30.6, 30.51, 8.0, 0.0, 10.0, 7.0, 0.0
20130925,47.6062095,-122.3320708,0,0.0, 1.0, 0.0, 0.0, 0.0, 0.0, 0.0, 0.0, 56.0, 47.0, 29.95, 3.0, 0.0, 328.0, 10.0, 0.0, 63.0, 48.0, 86.0, 50.0, 49.0, 43.0, 30.04, 29.87, 14.0, 0.0, 10.0, 10.0, 0.04
20130927,47.6062095,-122.3320708,0,0.0, 1.0, 0.0, 0.0, 0.0, 0.0, 0.0, 0.0, 56.0, 48.0, 29.99, 10.0, 0.0, 154.0, 10.0, 0.0, 59.0, 52.0, 83.0, 67.0, 51.0, 45.0, 30.13, 29.86, 15.0, 7.0, 10.0, 7.0, 0.05
20130926,47.6062095,-122.3320708,0,1.0, 0.0, 0.0, 0.0, 0.0, 0.0, 0.0, 0.0, 54.0, 45.0, 30.1, 4.0, 0.0, 159.0, 9.0, 0.0, 64.0, 44.0, 87.0, 53.0, 48.0, 41.0, 30.14, 30.04, 8.0, 0.0, 10.0, 3.0, 0.01
20130525,47.6062095,-122.3320708,0,0.0, 1.0, 0.0, 0.0, 0.0, 0.0, 0.0, 0.0, 58.0, 45.0, 30.03, 6.0, 0.0, 197.0, 10.0, 0.0, 64.0, 52.0, 80.0, 46.0, 48.0, 41.0, 30.05, 29.98, 9.0, 0.0, 10.0, 10.0, 0.0
20130524,47.6062095,-122.3320708,0,0.0, 1.0, 0.0, 0.0, 0.0, 0.0, 0.0, 0.0, 56.0, 44.0, 30.02, 2.0, 0.0, 200.0, 10.0, 0.0, 64.0, 50.0, 83.0, 43.0, 47.0, 40.0, 30.06, 29.98, 10.0, 0.0, 10.0, 10.0, 0.02
20130527,47.6062095,-122.3320708,0,0.0, 1.0, 0.0, 0.0, 0.0, 0.0, 0.0, 0.0, 58.0, 52.0, 29.79, 4.0, 0.0, 145.0, 10.0, 0.0, 63.0, 53.0, 88.0, 72.0, 55.0, 49.0, 29.98, 29.73, 9.0, 0.0, 10.0, 5.0, 0.2
20130526,47.6062095,-122.3320708,0,0.0, 1.0, 0.0, 0.0, 0.0, 0.0, 0.0, 0.0, 58.0, 49.0, 29.98, 2.0, 0.0, 217.0, 10.0, 0.0, 64.0, 52.0, 88.0, 60.0, 52.0, 47.0, 30.0, 29.96, 8.0, 0.0, 10.0, 4.0, 0.08
20130521,47.6062095,-122.3320708,0,0.0, 1.0, 0.0, 0.0, 0.0, 0.0, 0.0, 0.0, 54.0, 44.0, 29.85, 5.0, 0.0, 188.0, 9.0, 0.0, 61.0, 48.0, 87.0, 52.0, 49.0, 41.0, 29.91, 29.79, 10.0, 0.0, 10.0, 4.0, 0.39
20130520,47.6062095,-122.3320708,0,0.0, 0.0, 0.0, 0.0, 0.0, 0.0, 0.0, 0.0, 60.0, 46.0, 30.18, 2.0, 0.0, 100.0, 10.0, 0.0, 69.0, 51.0, 83.0, 40.0, 48.0, 43.0, 30.36, 29.92, 7.0, 0.0, 10.0, 10.0, 0.0
20130523,47.6062095,-122.3320708,0,0.0, 1.0, 0.0, 0.0, 0.0, 0.0, 0.0, 0.0, 52.0, 43.0, 29.98, 3.0, 0.0, 177.0, 10.0, 0.0, 57.0, 46.0, 87.0, 57.0, 45.0, 41.0, 30.03, 29.94, 12.0, 0.0, 10.0, 7.0, 0.08
20130522,47.6062095,-122.3320708,0,0.0, 1.0, 0.0, 0.0, 0.0, 0.0, 0.0, 0.0, 50.0, 43.0, 29.9, 6.0, 0.0, 152.0, 9.0, 0.0, 55.0, 46.0, 87.0, 66.0, 46.0, 42.0, 29.95, 29.87, 9.0, 0.0, 10.0, 5.0, 0.21
20141212,47.6062095,-122.3320708,0,0.0, 0.0, 0.0, 0.0, 0.0, 0.0, 0.0, 0.0, 52.0, 43.0, 29.83, 10.0, 0.0, 156.0, 10.0, 0.0, 55.0, 48.0, 83.0, 64.0, 45.0, 42.0, 30.06, 29.56, 18.0, 0.0, 10.0, 10.0, 0.0
20130529,47.6062095,-122.3320708,0,0.0, 1.0, 0.0, 0.0, 0.0, 0.0, 0.0, 0.0, 57.0, 47.0, 29.82, 3.0, 0.0, 215.0, 10.0, 0.0, 64.0, 51.0, 88.0, 56.0, 48.0, 44.0, 29.99, 29.71, 14.0, 0.0, 10.0, 7.0, 0.17
20130528,47.6062095,-122.3320708,0,0.0, 1.0, 0.0, 0.0, 0.0, 0.0, 0.0, 0.0, 58.0, 48.0, 29.85, 7.0, 0.0, 194.0, 10.0, 0.0, 64.0, 53.0, 86.0, 58.0, 50.0, 45.0, 29.89, 29.78, 9.0, 4.0, 10.0, 5.0, 0.01
20141214,47.6062095,-122.3320708,0,1.0, 0.0, 0.0, 0.0, 0.0, 0.0, 0.0, 0.0, 47.0, 34.0, 30.12, 2.0, 0.0, 78.0, 7.0, 0.0, 57.0, 37.0, 93.0, 27.0, 39.0, 23.0, 30.23, 30.0, 15.0, 0.0, 10.0, 0.0, 0.0
20130419,47.6062095,-122.3320708,0,0.0, 1.0, 0.0, 0.0, 0.0, 0.0, 0.0, 0.0, 52.0, 48.0, 30.13, 8.0, 0.0, 167.0, 9.0, 0.0, 55.0, 50.0, 89.0, 80.0, 52.0, 45.0, 30.21, 30.07, 13.0, 0.0, 10.0, 3.0, 0.67
20130418,47.6062095,-122.3320708,0,0.0, 1.0, 0.0, 0.0, 0.0, 0.0, 0.0, 0.0, 49.0, 41.0, 30.4, 8.0, 0.0, 168.0, 10.0, 0.0, 53.0, 46.0, 86.0, 63.0, 47.0, 36.0, 30.47, 30.22, 14.0, 0.0, 10.0, 10.0, 0.18
20130411,47.6062095,-122.3320708,0,0.0, 1.0, 0.0, 0.0, 0.0, 0.0, 0.0, 0.0, 50.0, 38.0, 30.27, 7.0, 0.0, 158.0, 9.0, 0.0, 55.0, 46.0, 87.0, 47.0, 43.0, 33.0, 30.32, 30.2, 10.0, 0.0, 10.0, 3.0, 0.09
20130410,47.6062095,-122.3320708,0,0.0, 1.0, 0.0, 0.0, 0.0, 0.0, 0.0, 0.0, 54.0, 44.0, 30.09, 10.0, 0.0, 176.0, 8.0, 0.0, 61.0, 48.0, 88.0, 51.0, 49.0, 39.0, 30.27, 29.96, 15.0, 7.0, 10.0, 2.0, 0.15
20130413,47.6062095,-122.3320708,0,0.0, 1.0, 0.0, 0.0, 0.0, 0.0, 0.0, 0.0, 45.0, 36.0, 29.9, 9.0, 0.0, 177.0, 10.0, 0.0, 53.0, 39.0, 86.0, 58.0, 41.0, 31.0, 30.01, 29.78, 16.0, 0.0, 10.0, 6.0, 0.31
20130412,47.6062095,-122.3320708,0,0.0, 1.0, 0.0, 0.0, 0.0, 0.0, 0.0, 0.0, 44.0, 38.0, 29.91, 6.0, 0.0, 168.0, 9.0, 0.0, 48.0, 43.0, 93.0, 63.0, 43.0, 34.0, 30.18, 29.7, 15.0, 0.0, 10.0, 4.0, 0.18
20130415,47.6062095,-122.3320708,0,0.0, 0.0, 0.0, 0.0, 0.0, 0.0, 0.0, 0.0, 48.0, 37.0, 30.05, 4.0, 0.0, 327.0, 10.0, 0.0, 55.0, 41.0, 82.0, 42.0, 39.0, 33.0, 30.19, 29.96, 10.0, 0.0, 10.0, 10.0, 0.0
20130414,47.6062095,-122.3320708,0,0.0, 1.0, 0.0, 0.0, 0.0, 0.0, 0.0, 0.0, 46.0, 36.0, 29.99, 4.0, 0.0, 155.0, 10.0, 0.0, 55.0, 39.0, 93.0, 40.0, 39.0, 29.0, 30.03, 29.93, 8.0, 0.0, 10.0, 6.0, 0.06
20130417,47.6062095,-122.3320708,0,0.0, 0.0, 0.0, 0.0, 0.0, 0.0, 0.0, 0.0, 49.0, 36.0, 30.43, 6.0, 0.0, 173.0, 10.0, 0.0, 60.0, 39.0, 79.0, 36.0, 40.0, 32.0, 30.47, 30.4, 12.0, 0.0, 10.0, 10.0, 0.0
20130416,47.6062095,-122.3320708,0,0.0, 1.0, 0.0, 0.0, 0.0, 0.0, 0.0, 0.0, 47.0, 37.0, 30.32, 3.0, 0.0, 82.0, 10.0, 0.0, 57.0, 39.0, 86.0, 44.0, 41.0, 33.0, 30.4, 30.21, 15.0, 0.0, 10.0, 2.0, 0.07
20130226,47.6062095,-122.3320708,0,0.0, 1.0, 0.0, 0.0, 0.0, 0.0, 0.0, 0.0, 44.0, 32.0, 30.29, 8.0, 0.0, 157.0, 10.0, 0.0, 48.0, 39.0, 79.0, 46.0, 36.0, 29.0, 30.36, 30.2, 13.0, 4.0, 10.0, 9.0, 0.01
20130227,47.6062095,-122.3320708,0,0.0, 1.0, 0.0, 0.0, 0.0, 0.0, 0.0, 0.0, 46.0, 40.0, 30.28, 4.0, 0.0, 129.0, 9.0, 0.0, 50.0, 41.0, 89.0, 63.0, 43.0, 37.0, 30.31, 30.22, 10.0, 0.0, 10.0, 4.0, 0.32
20130224,47.6062095,-122.3320708,0,0.0, 1.0, 0.0, 0.0, 0.0, 0.0, 0.0, 0.0, 45.0, 34.0, 30.25, 10.0, 0.0, 164.0, 10.0, 0.0, 48.0, 42.0, 76.0, 50.0, 36.0, 31.0, 30.38, 29.96, 21.0, 7.0, 10.0, 9.0, 0.02
20130225,47.6062095,-122.3320708,0,0.0, 1.0, 0.0, 0.0, 0.0, 0.0, 0.0, 0.0, 46.0, 34.0, 30.07, 13.0, 0.0, 185.0, 10.0, 0.0, 53.0, 39.0, 79.0, 34.0, 38.0, 24.0, 30.32, 29.9, 20.0, 7.0, 10.0, 7.0, 0.14
20130223,47.6062095,-122.3320708,0,0.0, 0.0, 0.0, 0.0, 0.0, 0.0, 0.0, 0.0, 45.0, 34.0, 30.16, 8.0, 0.0, 138.0, 10.0, 0.0, 51.0, 39.0, 81.0, 52.0, 36.0, 32.0, 30.38, 29.93, 12.0, 0.0, 10.0, 10.0, 0.0
20130228,47.6062095,-122.3320708,0,0.0, 1.0, 0.0, 0.0, 0.0, 0.0, 0.0, 0.0, 49.0, 46.0, 30.25, 4.0, 0.0, 153.0, 9.0, 0.0, 54.0, 44.0, 93.0, 82.0, 50.0, 41.0, 30.32, 30.2, 14.0, 0.0, 10.0, 5.0, 0.25
20140725,47.6062095,-122.3320708,0,0.0, 0.0, 0.0, 0.0, 0.0, 0.0, 0.0, 0.0, 65.0, 51.0, 30.14, 3.0, 0.0, 312.0, 10.0, 0.0, 75.0, 57.0, 81.0, 43.0, 53.0, 49.0, 30.2, 30.08, 8.0, 0.0, 10.0, 10.0, 0.0
20140727,47.6062095,-122.3320708,0,0.0, 0.0, 0.0, 0.0, 0.0, 0.0, 0.0, 0.0, 72.0, 52.0, 30.13, 4.0, 0.0, 304.0, 10.0, 0.0, 82.0, 62.0, 67.0, 35.0, 54.0, 50.0, 30.19, 30.07, 12.0, 0.0, 10.0, 10.0, 0.0
20130831,47.6062095,-122.3320708,0,0.0, 0.0, 0.0, 0.0, 0.0, 0.0, 0.0, 0.0, 69.0, 55.0, 29.96, 3.0, 0.0, 311.0, 10.0, 0.0, 79.0, 60.0, 82.0, 42.0, 56.0, 53.0, 30.09, 29.85, 13.0, 0.0, 10.0, 10.0, 0.0
20130830,47.6062095,-122.3320708,0,0.0, 0.0, 0.0, 0.0, 0.0, 0.0, 0.0, 0.0, 71.0, 55.0, 30.11, 6.0, 0.0, 202.0, 10.0, 0.0, 80.0, 63.0, 81.0, 35.0, 61.0, 49.0, 30.16, 30.04, 9.0, 0.0, 10.0, 10.0, 0.0
20140728,47.6062095,-122.3320708,0,0.0, 0.0, 0.0, 0.0, 0.0, 0.0, 0.0, 0.0, 74.0, 52.0, 30.09, 3.0, 0.0, 311.0, 10.0, 0.0, 88.0, 62.0, 72.0, 25.0, 54.0, 47.0, 30.13, 30.05, 10.0, 0.0, 10.0, 10.0, 0.0
20140818,47.6062095,-122.3320708,0,0.0, 0.0, 0.0, 0.0, 0.0, 0.0, 0.0, 0.0, 74.0, 58.0, 29.94, 4.0, 0.0, 310.0, 10.0, 0.0, 84.0, 63.0, 73.0, 43.0, 60.0, 54.0, 30.04, 29.82, 12.0, 0.0, 10.0, 10.0, 0.0
20140819,47.6062095,-122.3320708,0,0.0, 0.0, 0.0, 0.0, 0.0, 0.0, 0.0, 0.0, 74.0, 57.0, 29.81, 3.0, 0.0, 207.0, 10.0, 0.0, 84.0, 64.0, 70.0, 42.0, 61.0, 50.0, 29.84, 29.77, 9.0, 0.0, 10.0, 10.0, 0.0
20130709,47.6062095,-122.3320708,0,0.0, 0.0, 0.0, 0.0, 0.0, 0.0, 0.0, 0.0, 72.0, 53.0, 30.06, 3.0, 0.0, 311.0, 10.0, 0.0, 84.0, 62.0, 78.0, 32.0, 55.0, 50.0, 30.12, 30.0, 9.0, 0.0, 10.0, 10.0, 0.0
20130708,47.6062095,-122.3320708,0,0.0, 0.0, 0.0, 0.0, 0.0, 0.0, 0.0, 0.0, 68.0, 53.0, 30.06, 5.0, 0.0, 189.0, 10.0, 0.0, 80.0, 57.0, 81.0, 39.0, 56.0, 51.0, 30.1, 29.97, 9.0, 0.0, 10.0, 10.0, 0.0
20130705,47.6062095,-122.3320708,0,0.0, 0.0, 0.0, 0.0, 0.0, 0.0, 0.0, 0.0, 67.0, 52.0, 30.01, 3.0, 0.0, 221.0, 10.0, 0.0, 75.0, 59.0, 78.0, 44.0, 54.0, 51.0, 30.05, 29.96, 9.0, 0.0, 10.0, 7.0, 0.0
20130704,47.6062095,-122.3320708,0,0.0, 0.0, 0.0, 0.0, 0.0, 0.0, 0.0, 0.0, 66.0, 51.0, 30.09, 3.0, 0.0, 200.0, 10.0, 0.0, 73.0, 60.0, 75.0, 45.0, 53.0, 46.0, 30.13, 30.04, 8.0, 0.0, 10.0, 7.0, 0.0
20130707,47.6062095,-122.3320708,0,0.0, 0.0, 0.0, 0.0, 0.0, 0.0, 0.0, 0.0, 68.0, 55.0, 29.93, 4.0, 0.0, 204.0, 10.0, 0.0, 77.0, 60.0, 83.0, 48.0, 57.0, 51.0, 29.97, 29.89, 8.0, 0.0, 10.0, 10.0, 0.0
20130706,47.6062095,-122.3320708,0,0.0, 0.0, 0.0, 0.0, 0.0, 0.0, 0.0, 0.0, 68.0, 52.0, 29.94, 3.0, 0.0, 285.0, 10.0, 0.0, 80.0, 57.0, 84.0, 32.0, 54.0, 46.0, 29.99, 29.87, 9.0, 0.0, 10.0, 10.0, 0.0
20130701,47.6062095,-122.3320708,0,0.0, 0.0, 0.0, 0.0, 0.0, 0.0, 0.0, 0.0, 80.0, 58.0, 29.95, 3.0, 0.0, 319.0, 10.0, 0.0, 90.0, 70.0, 63.0, 36.0, 62.0, 56.0, 30.02, 29.92, 7.0, 0.0, 10.0, 10.0, 0.0
20140817,47.6062095,-122.3320708,0,0.0, 0.0, 0.0, 0.0, 0.0, 0.0, 0.0, 0.0, 71.0, 57.0, 30.09, 4.0, 0.0, 312.0, 10.0, 0.0, 82.0, 61.0, 83.0, 44.0, 59.0, 56.0, 30.13, 30.04, 8.0, 0.0, 10.0, 10.0, 0.0
20130703,47.6062095,-122.3320708,0,0.0, 0.0, 0.0, 0.0, 0.0, 0.0, 0.0, 0.0, 70.0, 48.0, 30.11, 4.0, 0.0, 344.0, 10.0, 0.0, 79.0, 63.0, 56.0, 34.0, 50.0, 43.0, 30.16, 30.05, 8.0, 0.0, 10.0, 10.0, 0.0
20130702,47.6062095,-122.3320708,0,0.0, 0.0, 0.0, 0.0, 0.0, 0.0, 0.0, 0.0, 72.0, 54.0, 30.08, 3.0, 0.0, 324.0, 10.0, 0.0, 82.0, 63.0, 81.0, 29.0, 58.0, 46.0, 30.11, 30.04, 9.0, 0.0, 10.0, 10.0, 0.0
20130903,47.6062095,-122.3320708,0,0.0, 1.0, 0.0, 0.0, 0.0, 0.0, 0.0, 0.0, 70.0, 59.0, 29.98, 2.0, 0.0, 327.0, 10.0, 0.0, 75.0, 64.0, 88.0, 48.0, 61.0, 54.0, 30.03, 29.94, 6.0, 0.0, 10.0, 8.0, 0.12
20130902,47.6062095,-122.3320708,0,0.0, 0.0, 0.0, 0.0, 0.0, 0.0, 0.0, 0.0, 73.0, 54.0, 29.89, 2.0, 0.0, 211.0, 10.0, 0.0, 82.0, 64.0, 73.0, 38.0, 56.0, 52.0, 29.95, 29.87, 7.0, 0.0, 10.0, 10.0, 0.0
20130901,47.6062095,-122.3320708,0,0.0, 0.0, 0.0, 0.0, 0.0, 0.0, 0.0, 0.0, 72.0, 55.0, 29.86, 3.0, 0.0, 190.0, 10.0, 0.0, 82.0, 61.0, 82.0, 41.0, 57.0, 52.0, 29.9, 29.8, 7.0, 0.0, 10.0, 10.0, 0.0
20140613,47.6062095,-122.3320708,0,0.0, 1.0, 0.0, 0.0, 0.0, 0.0, 0.0, 0.0, 59.0, 49.0, 29.97, 8.0, 0.0, 175.0, 10.0, 0.0, 63.0, 55.0, 88.0, 55.0, 53.0, 43.0, 30.11, 29.87, 14.0, 4.0, 10.0, 6.0, 0.03
20140203,47.6062095,-122.3320708,0,0.0, 0.0, 0.0, 0.0, 0.0, 0.0, 0.0, 0.0, 38.0, 19.0, 30.12, 6.0, 0.0, 341.0, 10.0, 0.0, 41.0, 35.0, 62.0, 32.0, 25.0, 13.0, 30.21, 30.03, 15.0, 0.0, 10.0, 10.0, 0.0
20130906,47.6062095,-122.3320708,0,0.0, 1.0, 0.0, 0.0, 0.0, 0.0, 0.0, 0.0, 68.0, 60.0, 30.02, 5.0, 0.0, 139.0, 8.0, 0.0, 73.0, 62.0, 94.0, 61.0, 61.0, 57.0, 30.12, 29.96, 8.0, 0.0, 10.0, 2.0, 1.08
20140616,47.6062095,-122.3320708,0,0.0, 1.0, 0.0, 0.0, 0.0, 0.0, 0.0, 0.0, 58.0, 45.0, 29.91, 5.0, 0.0, 165.0, 10.0, 0.0, 66.0, 51.0, 83.0, 39.0, 49.0, 39.0, 29.99, 29.88, 7.0, 0.0, 10.0, 9.0, 0.11
20140617,47.6062095,-122.3320708,0,0.0, 1.0, 0.0, 0.0, 0.0, 0.0, 0.0, 0.0, 58.0, 49.0, 30.09, 7.0, 0.0, 145.0, 10.0, 0.0, 66.0, 53.0, 86.0, 54.0, 51.0, 46.0, 30.13, 30.0, 10.0, 4.0, 10.0, 8.0, 0.05
20130909,47.6062095,-122.3320708,0,0.0, 0.0, 0.0, 0.0, 0.0, 0.0, 0.0, 0.0, 68.0, 57.0, 30.04, 3.0, 0.0, 320.0, 6.0, 0.0, 78.0, 59.0, 93.0, 48.0, 59.0, 55.0, 30.08, 29.98, 9.0, 0.0, 10.0, 1.0, 0.0
20130908,47.6062095,-122.3320708,0,0.0, 0.0, 0.0, 0.0, 0.0, 0.0, 0.0, 0.0, 70.0, 57.0, 30.07, 1.0, 0.0, 319.0, 10.0, 0.0, 80.0, 60.0, 86.0, 44.0, 58.0, 55.0, 30.12, 30.03, 6.0, 0.0, 10.0, 10.0, 0.01
20140531,47.6062095,-122.3320708,0,0.0, 0.0, 0.0, 0.0, 0.0, 0.0, 0.0, 0.0, 63.0, 47.0, 30.05, 2.0, 0.0, 254.0, 10.0, 0.0, 75.0, 51.0, 80.0, 37.0, 50.0, 45.0, 30.09, 30.02, 7.0, 0.0, 10.0, 10.0, 0.0
20150105,47.6062095,-122.3320708,0,0.0, 1.0, 0.0, 0.0, 0.0, 0.0, 0.0, 0.0, 56.0, 50.0, 30.18, 14.0, 0.0, 175.0, 8.0, 0.0, 57.0, 54.0, 88.0, 74.0, 52.0, 48.0, 30.29, 30.0, 20.0, 0.0, 10.0, 2.0, 0.07
20150107,47.6062095,-122.3320708,0,0.0, 0.0, 0.0, 0.0, 0.0, 0.0, 0.0, 0.0, 47.0, 43.0, 30.28, 2.0, 0.0, 7.0, 5.0, 0.0, 50.0, 44.0, 93.0, 74.0, 46.0, 41.0, 30.32, 30.25, 6.0, 0.0, 10.0, 1.0, 0.0
20150103,47.6062095,-122.3320708,0,0.0, 1.0, 0.0, 0.0, 0.0, 0.0, 0.0, 0.0, 38.0, 35.0, 30.26, 2.0, 0.0, 145.0, 7.0, 0.0, 43.0, 33.0, 93.0, 76.0, 38.0, 30.0, 30.3, 30.22, 7.0, 0.0, 10.0, 3.0, 0.0
20140331,47.6062095,-122.3320708,0,0.0, 0.0, 0.0, 0.0, 0.0, 0.0, 0.0, 0.0, 48.0, 37.0, 29.84, 3.0, 0.0, 321.0, 10.0, 0.0, 61.0, 37.0, 89.0, 44.0, 40.0, 34.0, 29.99, 29.72, 13.0, 0.0, 10.0, 10.0, 0.0
20140907,47.6062095,-122.3320708,0,0.0, 0.0, 0.0, 0.0, 0.0, 0.0, 0.0, 0.0, 72.0, 51.0, 29.85, 3.0, 0.0, 161.0, 10.0, 0.0, 87.0, 57.0, 81.0, 20.0, 55.0, 41.0, 29.9, 29.79, 8.0, 0.0, 10.0, 10.0, 0.0
20140901,47.6062095,-122.3320708,0,0.0, 1.0, 0.0, 0.0, 0.0, 0.0, 0.0, 0.0, 66.0, 53.0, 30.04, 4.0, 0.0, 161.0, 10.0, 0.0, 77.0, 57.0, 81.0, 45.0, 55.0, 51.0, 30.1, 29.98, 9.0, 0.0, 10.0, 10.0, 0.0
20140323,47.6062095,-122.3320708,0,0.0, 0.0, 0.0, 0.0, 0.0, 0.0, 0.0, 0.0, 50.0, 35.0, 30.3, 3.0, 0.0, 329.0, 10.0, 0.0, 55.0, 44.0, 73.0, 45.0, 37.0, 32.0, 30.35, 30.26, 7.0, 0.0, 10.0, 10.0, 0.0
20140902,47.6062095,-122.3320708,0,0.0, 1.0, 0.0, 0.0, 0.0, 0.0, 0.0, 0.0, 64.0, 54.0, 29.89, 4.0, 0.0, 126.0, 9.0, 0.0, 70.0, 57.0, 88.0, 53.0, 56.0, 52.0, 29.98, 29.78, 16.0, 0.0, 10.0, 3.0, 0.0
20141002,47.6062095,-122.3320708,0,0.0, 0.0, 0.0, 0.0, 0.0, 0.0, 0.0, 0.0, 61.0, 46.0, 30.28, 2.0, 0.0, 319.0, 10.0, 0.0, 68.0, 54.0, 80.0, 35.0, 49.0, 39.0, 30.31, 30.22, 10.0, 0.0, 10.0, 10.0, 0.0
20141003,47.6062095,-122.3320708,0,0.0, 0.0, 0.0, 0.0, 0.0, 0.0, 0.0, 0.0, 61.0, 48.0, 30.22, 1.0, 0.0, 315.0, 10.0, 0.0, 72.0, 51.0, 83.0, 38.0, 51.0, 44.0, 30.29, 30.15, 7.0, 0.0, 10.0, 10.0, 0.0
20141007,47.6062095,-122.3320708,0,0.0, 0.0, 0.0, 0.0, 0.0, 0.0, 0.0, 0.0, 62.0, 57.0, 29.95, 2.0, 0.0, 313.0, 7.0, 0.0, 68.0, 57.0, 90.0, 70.0, 58.0, 55.0, 29.98, 29.91, 9.0, 0.0, 10.0, 1.0, 0.0
20130518,47.6062095,-122.3320708,0,0.0, 0.0, 0.0, 0.0, 0.0, 0.0, 0.0, 0.0, 58.0, 45.0, 30.16, 6.0, 0.0, 199.0, 10.0, 0.0, 63.0, 54.0, 77.0, 50.0, 48.0, 43.0, 30.28, 30.09, 10.0, 0.0, 10.0, 10.0, 0.0
20130519,47.6062095,-122.3320708,0,0.0, 0.0, 0.0, 0.0, 0.0, 0.0, 0.0, 0.0, 60.0, 46.0, 30.37, 2.0, 0.0, 333.0, 10.0, 0.0, 64.0, 55.0, 75.0, 47.0, 48.0, 44.0, 30.41, 30.29, 6.0, 0.0, 10.0, 10.0, 0.0
20130514,47.6062095,-122.3320708,0,0.0, 0.0, 0.0, 0.0, 0.0, 0.0, 0.0, 0.0, 55.0, 40.0, 30.18, 6.0, 0.0, 135.0, 10.0, 0.0, 66.0, 46.0, 77.0, 34.0, 43.0, 34.0, 30.24, 30.12, 9.0, 0.0, 10.0, 10.0, 0.0
20130515,47.6062095,-122.3320708,0,0.0, 1.0, 0.0, 0.0, 0.0, 0.0, 0.0, 0.0, 56.0, 46.0, 30.06, 4.0, 0.0, 147.0, 10.0, 0.0, 66.0, 48.0, 88.0, 45.0, 52.0, 40.0, 30.13, 30.03, 9.0, 0.0, 10.0, 7.0, 0.03
20130516,47.6062095,-122.3320708,0,0.0, 1.0, 0.0, 0.0, 0.0, 0.0, 0.0, 0.0, 62.0, 49.0, 29.96, 4.0, 0.0, 193.0, 10.0, 0.0, 71.0, 55.0, 88.0, 33.0, 52.0, 40.0, 30.02, 29.88, 8.0, 0.0, 10.0, 6.0, 0.0
20130517,47.6062095,-122.3320708,0,0.0, 1.0, 0.0, 0.0, 0.0, 0.0, 0.0, 0.0, 60.0, 47.0, 30.0, 8.0, 0.0, 172.0, 10.0, 0.0, 66.0, 55.0, 84.0, 48.0, 51.0, 43.0, 30.07, 29.97, 13.0, 4.0, 10.0, 10.0, 0.02
20130510,47.6062095,-122.3320708,0,0.0, 0.0, 0.0, 0.0, 0.0, 0.0, 0.0, 0.0, 66.0, 49.0, 30.17, 3.0, 0.0, 318.0, 10.0, 0.0, 79.0, 53.0, 83.0, 34.0, 53.0, 46.0, 30.21, 30.11, 6.0, 0.0, 10.0, 6.0, 0.0
20130511,47.6062095,-122.3320708,0,0.0, 0.0, 0.0, 0.0, 0.0, 0.0, 0.0, 0.0, 68.0, 48.0, 30.1, 4.0, 0.0, 191.0, 10.0, 0.0, 81.0, 55.0, 72.0, 36.0, 53.0, 41.0, 30.18, 29.99, 8.0, 0.0, 10.0, 10.0, 0.0
20130512,47.6062095,-122.3320708,0,0.0, 1.0, 0.0, 0.0, 0.0, 0.0, 0.0, 0.0, 66.0, 55.0, 30.06, 7.0, 0.0, 184.0, 10.0, 0.0, 71.0, 60.0, 86.0, 55.0, 58.0, 52.0, 30.1, 30.03, 10.0, 4.0, 10.0, 4.0, 0.08
20130513,47.6062095,-122.3320708,0,0.0, 1.0, 0.0, 0.0, 0.0, 0.0, 1.0, 0.0, 59.0, 50.0, 30.05, 8.0, 0.0, 184.0, 10.0, 0.0, 66.0, 52.0, 88.0, 55.0, 55.0, 40.0, 30.19, 29.96, 16.0, 0.0, 10.0, 5.0, 0.11
20130309,47.6062095,-122.3320708,0,1.0, 0.0, 0.0, 0.0, 0.0, 0.0, 0.0, 0.0, 44.0, 35.0, 30.4, 2.0, 0.0, 153.0, 9.0, 0.0, 55.0, 34.0, 93.0, 45.0, 39.0, 31.0, 30.5, 30.27, 7.0, 0.0, 10.0, 1.0, 0.0
20130308,47.6062095,-122.3320708,0,1.0, 0.0, 0.0, 0.0, 0.0, 0.0, 0.0, 0.0, 45.0, 36.0, 30.13, 2.0, 0.0, 344.0, 8.0, 0.0, 53.0, 37.0, 93.0, 50.0, 38.0, 34.0, 30.25, 30.09, 9.0, 0.0, 10.0, 0.0, 0.0
20130301,47.6062095,-122.3320708,0,0.0, 1.0, 0.0, 0.0, 0.0, 0.0, 0.0, 0.0, 56.0, 48.0, 30.33, 10.0, 0.0, 179.0, 9.0, 0.0, 60.0, 53.0, 88.0, 64.0, 50.0, 47.0, 30.37, 30.28, 16.0, 0.0, 10.0, 4.0, 0.04
20130303,47.6062095,-122.3320708,0,0.0, 0.0, 0.0, 0.0, 0.0, 0.0, 0.0, 0.0, 42.0, 32.0, 30.27, 4.0, 0.0, 112.0, 10.0, 0.0, 50.0, 35.0, 89.0, 39.0, 36.0, 26.0, 30.31, 30.21, 8.0, 0.0, 10.0, 10.0, 0.0
20130302,47.6062095,-122.3320708,0,0.0, 1.0, 0.0, 0.0, 0.0, 0.0, 0.0, 0.0, 50.0, 43.0, 30.17, 8.0, 0.0, 141.0, 9.0, 0.0, 57.0, 42.0, 83.0, 64.0, 48.0, 36.0, 30.28, 30.08, 14.0, 4.0, 10.0, 3.0, 0.21
20130305,47.6062095,-122.3320708,0,0.0, 0.0, 0.0, 0.0, 0.0, 0.0, 0.0, 0.0, 46.0, 34.0, 29.82, 2.0, 0.0, 306.0, 10.0, 0.0, 50.0, 42.0, 80.0, 51.0, 39.0, 27.0, 29.92, 29.73, 8.0, 0.0, 10.0, 10.0, 0.0
20130304,47.6062095,-122.3320708,0,0.0, 0.0, 0.0, 0.0, 0.0, 0.0, 0.0, 0.0, 45.0, 27.0, 30.14, 2.0, 0.0, 25.0, 10.0, 0.0, 57.0, 33.0, 85.0, 27.0, 31.0, 22.0, 30.31, 29.93, 10.0, 0.0, 10.0, 10.0, 0.0
20130307,47.6062095,-122.3320708,0,0.0, 1.0, 0.0, 0.0, 0.0, 0.0, 0.0, 0.0, 48.0, 39.0, 30.03, 5.0, 0.0, 149.0, 9.0, 0.0, 53.0, 42.0, 89.0, 52.0, 42.0, 35.0, 30.09, 29.92, 8.0, 0.0, 10.0, 6.0, 0.26
20130306,47.6062095,-122.3320708,0,0.0, 1.0, 0.0, 0.0, 0.0, 0.0, 0.0, 0.0, 44.0, 38.0, 29.74, 4.0, 0.0, 116.0, 9.0, 0.0, 46.0, 42.0, 89.0, 68.0, 41.0, 36.0, 29.9, 29.59, 12.0, 0.0, 10.0, 4.0, 0.61
20130819,47.6062095,-122.3320708,0,0.0, 0.0, 0.0, 0.0, 0.0, 0.0, 0.0, 0.0, 72.0, 52.0, 30.09, 3.0, 0.0, 251.0, 10.0, 0.0, 80.0, 64.0, 73.0, 43.0, 55.0, 49.0, 30.12, 30.06, 10.0, 0.0, 10.0, 10.0, 0.0
20130420,47.6062095,-122.3320708,0,0.0, 1.0, 0.0, 0.0, 0.0, 0.0, 0.0, 0.0, 52.0, 43.0, 30.25, 7.0, 0.0, 182.0, 10.0, 0.0, 57.0, 48.0, 83.0, 59.0, 45.0, 41.0, 30.28, 30.22, 12.0, 5.0, 10.0, 8.0, 0.01
20130421,47.6062095,-122.3320708,0,0.0, 1.0, 0.0, 0.0, 0.0, 0.0, 0.0, 0.0, 50.0, 40.0, 30.27, 6.0, 0.0, 231.0, 10.0, 0.0, 55.0, 46.0, 87.0, 51.0, 45.0, 36.0, 30.38, 30.24, 10.0, 0.0, 10.0, 5.0, 0.03
20130422,47.6062095,-122.3320708,0,0.0, 0.0, 0.0, 0.0, 0.0, 0.0, 0.0, 0.0, 51.0, 32.0, 30.47, 3.0, 0.0, 325.0, 10.0, 0.0, 61.0, 41.0, 86.0, 18.0, 40.0, 15.0, 30.53, 30.4, 13.0, 0.0, 10.0, 10.0, 0.0
20130423,47.6062095,-122.3320708,0,0.0, 0.0, 0.0, 0.0, 0.0, 0.0, 0.0, 0.0, 50.0, 32.0, 30.33, 3.0, 0.0, 328.0, 10.0, 0.0, 64.0, 37.0, 79.0, 22.0, 37.0, 22.0, 30.43, 30.25, 10.0, 0.0, 10.0, 10.0, 0.0
20130424,47.6062095,-122.3320708,0,0.0, 0.0, 0.0, 0.0, 0.0, 0.0, 0.0, 0.0, 54.0, 35.0, 30.22, 2.0, 0.0, 306.0, 10.0, 0.0, 70.0, 39.0, 83.0, 21.0, 42.0, 27.0, 30.33, 30.07, 8.0, 0.0, 10.0, 10.0, 0.0
20130425,47.6062095,-122.3320708,0,0.0, 0.0, 0.0, 0.0, 0.0, 0.0, 0.0, 0.0, 60.0, 37.0, 30.08, 1.0, 0.0, 341.0, 10.0, 0.0, 73.0, 46.0, 71.0, 26.0, 43.0, 32.0, 30.15, 30.05, 6.0, 0.0, 10.0, 10.0, 0.0
20130426,47.6062095,-122.3320708,0,0.0, 0.0, 0.0, 0.0, 0.0, 0.0, 0.0, 0.0, 58.0, 45.0, 30.22, 2.0, 0.0, 214.0, 10.0, 0.0, 69.0, 48.0, 87.0, 43.0, 49.0, 42.0, 30.26, 30.17, 8.0, 0.0, 10.0, 10.0, 0.0
20130427,47.6062095,-122.3320708,0,0.0, 1.0, 0.0, 0.0, 0.0, 0.0, 0.0, 0.0, 55.0, 42.0, 30.2, 9.0, 0.0, 176.0, 10.0, 0.0, 57.0, 53.0, 77.0, 47.0, 47.0, 35.0, 30.22, 30.17, 16.0, 5.0, 10.0, 10.0, 0.0
20130428,47.6062095,-122.3320708,0,0.0, 1.0, 0.0, 0.0, 0.0, 0.0, 0.0, 0.0, 54.0, 43.0, 30.15, 6.0, 0.0, 194.0, 10.0, 0.0, 61.0, 48.0, 83.0, 47.0, 47.0, 37.0, 30.22, 29.97, 16.0, 0.0, 10.0, 8.0, 0.08
20130429,47.6062095,-122.3320708,0,0.0, 1.0, 0.0, 0.0, 0.0, 0.0, 0.0, 0.0, 50.0, 40.0, 30.06, 7.0, 0.0, 108.0, 9.0, 0.0, 57.0, 45.0, 87.0, 40.0, 46.0, 32.0, 30.18, 29.92, 13.0, 0.0, 10.0, 2.0, 0.15
20130722,47.6062095,-122.3320708,0,0.0, 0.0, 0.0, 0.0, 0.0, 0.0, 0.0, 0.0, 68.0, 55.0, 30.02, 4.0, 0.0, 239.0, 10.0, 0.0, 80.0, 57.0, 88.0, 40.0, 56.0, 53.0, 30.07, 29.96, 7.0, 0.0, 10.0, 6.0, 0.0
20130814,47.6062095,-122.3320708,0,0.0, 1.0, 0.0, 0.0, 0.0, 0.0, 0.0, 0.0, 72.0, 55.0, 29.94, 2.0, 0.0, 186.0, 10.0, 0.0, 82.0, 62.0, 81.0, 36.0, 61.0, 52.0, 29.97, 29.92, 10.0, 0.0, 10.0, 10.0, 0.0
20130810,47.6062095,-122.3320708,0,0.0, 1.0, 0.0, 0.0, 0.0, 0.0, 1.0, 0.0, 68.0, 58.0, 29.97, 4.0, 0.0, 215.0, 10.0, 0.0, 78.0, 60.0, 84.0, 54.0, 61.0, 55.0, 30.02, 29.91, 9.0, 0.0, 10.0, 8.0, 0.0
20130812,47.6062095,-122.3320708,0,0.0, 0.0, 0.0, 0.0, 0.0, 0.0, 0.0, 0.0, 70.0, 53.0, 30.05, 3.0, 0.0, 246.0, 10.0, 0.0, 79.0, 62.0, 75.0, 39.0, 54.0, 51.0, 30.09, 30.01, 6.0, 0.0, 10.0, 10.0, 0.0
20140928,47.6062095,-122.3320708,0,0.0, 0.0, 0.0, 0.0, 0.0, 0.0, 0.0, 0.0, 62.0, 53.0, 30.0, 1.0, 0.0, 293.0, 10.0, 0.0, 66.0, 55.0, 84.0, 65.0, 54.0, 51.0, 30.09, 29.91, 7.0, 0.0, 10.0, 8.0, 0.0
20140929,47.6062095,-122.3320708,0,1.0, 1.0, 0.0, 0.0, 0.0, 0.0, 0.0, 0.0, 58.0, 54.0, 29.91, 5.0, 0.0, 141.0, 7.0, 0.0, 64.0, 53.0, 94.0, 70.0, 58.0, 50.0, 29.97, 29.87, 12.0, 0.0, 10.0, 0.0, 0.0
20140922,47.6062095,-122.3320708,0,0.0, 0.0, 0.0, 0.0, 0.0, 0.0, 0.0, 0.0, 68.0, 55.0, 29.96, 6.0, 0.0, 173.0, 10.0, 0.0, 73.0, 64.0, 75.0, 49.0, 57.0, 53.0, 30.0, 29.91, 10.0, 0.0, 10.0, 10.0, 0.0
20140920,47.6062095,-122.3320708,0,0.0, 0.0, 0.0, 0.0, 0.0, 0.0, 0.0, 0.0, 66.0, 55.0, 30.04, 3.0, 0.0, 320.0, 10.0, 0.0, 73.0, 60.0, 83.0, 53.0, 56.0, 53.0, 30.11, 29.88, 12.0, 0.0, 10.0, 10.0, 0.0
20140927,47.6062095,-122.3320708,0,0.0, 0.0, 0.0, 0.0, 0.0, 0.0, 0.0, 0.0, 63.0, 53.0, 30.11, 2.0, 0.0, 312.0, 10.0, 0.0, 70.0, 57.0, 88.0, 52.0, 55.0, 50.0, 30.14, 30.09, 12.0, 0.0, 10.0, 8.0, 0.0
20140925,47.6062095,-122.3320708,0,0.0, 1.0, 0.0, 0.0, 0.0, 0.0, 0.0, 0.0, 66.0, 56.0, 29.86, 4.0, 0.0, 132.0, 9.0, 0.0, 73.0, 61.0, 87.0, 49.0, 58.0, 51.0, 29.89, 29.82, 15.0, 0.0, 10.0, 5.0, 0.27
20130730,47.6062095,-122.3320708,0,0.0, 0.0, 0.0, 0.0, 0.0, 0.0, 0.0, 0.0, 68.0, 53.0, 30.1, 5.0, 0.0, 193.0, 10.0, 0.0, 78.0, 57.0, 83.0, 42.0, 56.0, 51.0, 30.15, 30.02, 9.0, 0.0, 10.0, 10.0, 0.0
20130731,47.6062095,-122.3320708,0,0.0, 0.0, 0.0, 0.0, 0.0, 0.0, 1.0, 0.0, 64.0, 55.0, 30.08, 2.0, 0.0, 204.0, 10.0, 0.0, 72.0, 57.0, 90.0, 57.0, 58.0, 53.0, 30.14, 30.0, 7.0, 0.0, 10.0, 3.0, 0.0
20131231,47.6062095,-122.3320708,0,1.0, 0.0, 0.0, 0.0, 0.0, 0.0, 0.0, 0.0, 44.0, 41.0, 30.29, 4.0, 0.0, 147.0, 7.0, 0.0, 48.0, 39.0, 93.0, 74.0, 43.0, 37.0, 30.39, 30.2, 10.0, 0.0, 10.0, 0.0, 0.01
20140505,47.6062095,-122.3320708,0,0.0, 1.0, 0.0, 0.0, 0.0, 0.0, 0.0, 0.0, 56.0, 48.0, 29.96, 8.0, 0.0, 176.0, 10.0, 0.0, 60.0, 51.0, 83.0, 62.0, 51.0, 46.0, 30.04, 29.87, 13.0, 0.0, 10.0, 7.0, 0.24
20140507,47.6062095,-122.3320708,0,0.0, 0.0, 0.0, 0.0, 0.0, 0.0, 0.0, 0.0, 56.0, 43.0, 29.98, 3.0, 0.0, 226.0, 10.0, 0.0, 68.0, 46.0, 80.0, 37.0, 47.0, 40.0, 30.06, 29.88, 9.0, 0.0, 10.0, 10.0, 0.0
20140814,47.6062095,-122.3320708,0,0.0, 1.0, 0.0, 0.0, 0.0, 0.0, 0.0, 0.0, 67.0, 58.0, 30.01, 1.0, 0.0, 320.0, 10.0, 0.0, 72.0, 62.0, 86.0, 61.0, 59.0, 57.0, 30.04, 29.97, 6.0, 0.0, 10.0, 5.0, 0.0
20110303,47.6062095,-122.3320708,0,0.0, 1.0, 0.0, 0.0, 0.0, 0.0, 0.0, 0.0, 41.0, 36.0, 30.08, 8.0, 0.0, 174.0, 9.0, 0.0, 46.0, 35.0, 97.0, 63.0, 39.0, 33.0, 30.29, 29.96, 16.0, 0.0, 10.0, 3.0, 0.35
20110306,47.6062095,-122.3320708,0,0.0, 0.0, 0.0, 0.0, 0.0, 0.0, 0.0, 0.0, 42.0, 36.0, 30.04, 2.0, 0.0, 340.0, 10.0, 0.0, 48.0, 36.0, 93.0, 52.0, 38.0, 31.0, 30.12, 29.93, 7.0, 0.0, 10.0, 9.0, 0.0
20110305,47.6062095,-122.3320708,0,0.0, 1.0, 0.0, 0.0, 0.0, 0.0, 0.0, 0.0, 44.0, 37.0, 30.15, 7.0, 0.0, 176.0, 10.0, 0.0, 50.0, 37.0, 96.0, 46.0, 41.0, 30.0, 30.2, 30.08, 12.0, 0.0, 10.0, 10.0, 0.0
20110304,47.6062095,-122.3320708,0,0.0, 1.0, 0.0, 0.0, 0.0, 0.0, 0.0, 0.0, 40.0, 35.0, 30.13, 4.0, 0.0, 138.0, 10.0, 0.0, 48.0, 32.0, 96.0, 50.0, 42.0, 29.0, 30.3, 29.96, 16.0, 0.0, 10.0, 6.0, 0.12
20141228,47.6062095,-122.3320708,0,0.0, 1.0, 0.0, 0.0, 0.0, 0.0, 0.0, 0.0, 44.0, 38.0, 30.17, 5.0, 0.0, 90.0, 10.0, 0.0, 46.0, 41.0, 85.0, 71.0, 39.0, 35.0, 30.23, 30.09, 8.0, 0.0, 10.0, 8.0, 0.06
20141227,47.6062095,-122.3320708,0,0.0, 1.0, 0.0, 0.0, 0.0, 0.0, 0.0, 0.0, 47.0, 40.0, 30.13, 8.0, 0.0, 159.0, 9.0, 0.0, 52.0, 42.0, 87.0, 69.0, 45.0, 36.0, 30.31, 30.03, 15.0, 0.0, 10.0, 5.0, 0.12
20141220,47.6062095,-122.3320708,0,0.0, 1.0, 0.0, 0.0, 0.0, 0.0, 0.0, 0.0, 52.0, 46.0, 29.58, 7.0, 0.0, 161.0, 7.0, 0.0, 57.0, 46.0, 87.0, 72.0, 52.0, 41.0, 29.85, 29.45, 17.0, 0.0, 10.0, 2.0, 0.6
20141221,47.6062095,-122.3320708,0,0.0, 0.0, 0.0, 0.0, 0.0, 0.0, 0.0, 0.0, 55.0, 46.0, 29.91, 7.0, 0.0, 203.0, 10.0, 0.0, 57.0, 53.0, 77.0, 62.0, 49.0, 44.0, 30.11, 29.54, 14.0, 0.0, 10.0, 10.0, 0.0
20131015,47.6062095,-122.3320708,0,1.0, 0.0, 0.0, 0.0, 0.0, 0.0, 0.0, 0.0, 52.0, 45.0, 30.31, 1.0, 0.0, 145.0, 6.0, 0.0, 61.0, 44.0, 100.0, 57.0, 47.0, 41.0, 30.4, 30.19, 5.0, 0.0, 10.0, 0.0, 0.0
20130330,47.6062095,-122.3320708,0,0.0, 0.0, 0.0, 0.0, 0.0, 0.0, 0.0, 0.0, 56.0, 43.0, 30.19, 3.0, 0.0, 325.0, 10.0, 0.0, 66.0, 45.0, 90.0, 45.0, 44.0, 41.0, 30.26, 30.08, 10.0, 0.0, 10.0, 4.0, 0.0
20130331,47.6062095,-122.3320708,0,0.0, 0.0, 0.0, 0.0, 0.0, 0.0, 0.0, 0.0, 56.0, 40.0, 30.0, 2.0, 0.0, 311.0, 10.0, 0.0, 69.0, 45.0, 82.0, 36.0, 42.0, 37.0, 30.08, 29.92, 10.0, 0.0, 10.0, 10.0, 0.0
20140113,47.6062095,-122.3320708,0,0.0, 0.0, 0.0, 0.0, 0.0, 0.0, 0.0, 0.0, 52.0, 45.0, 30.49, 14.0, 0.0, 175.0, 10.0, 0.0, 53.0, 51.0, 80.0, 71.0, 46.0, 43.0, 30.63, 30.32, 24.0, 6.0, 10.0, 10.0, 0.01
20140112,47.6062095,-122.3320708,0,0.0, 1.0, 0.0, 0.0, 0.0, 0.0, 0.0, 0.0, 48.0, 41.0, 30.09, 10.0, 0.0, 184.0, 10.0, 0.0, 53.0, 42.0, 82.0, 63.0, 46.0, 35.0, 30.3, 29.84, 16.0, 0.0, 10.0, 10.0, 0.02
20140111,47.6062095,-122.3320708,0,0.0, 1.0, 0.0, 0.0, 0.0, 0.0, 0.0, 0.0, 52.0, 41.0, 29.49, 16.0, 0.0, 185.0, 9.0, 0.0, 59.0, 45.0, 82.0, 62.0, 48.0, 37.0, 29.79, 29.37, 24.0, 0.0, 10.0, 5.0, 0.91
20140809,47.6062095,-122.3320708,0,0.0, 0.0, 0.0, 0.0, 0.0, 0.0, 0.0, 0.0, 72.0, 49.0, 30.12, 3.0, 0.0, 320.0, 10.0, 0.0, 81.0, 63.0, 60.0, 28.0, 52.0, 45.0, 30.16, 30.08, 10.0, 0.0, 10.0, 10.0, 0.0
20140804,47.6062095,-122.3320708,0,0.0, 0.0, 0.0, 0.0, 0.0, 0.0, 0.0, 0.0, 77.0, 53.0, 29.95, 3.0, 0.0, 311.0, 10.0, 0.0, 91.0, 64.0, 68.0, 21.0, 56.0, 45.0, 29.99, 29.9, 9.0, 0.0, 10.0, 10.0, 0.0
20140607,47.6062095,-122.3320708,0,0.0, 0.0, 0.0, 0.0, 0.0, 0.0, 0.0, 0.0, 66.0, 50.0, 30.16, 4.0, 0.0, 344.0, 10.0, 0.0, 75.0, 57.0, 77.0, 33.0, 51.0, 44.0, 30.19, 30.12, 9.0, 0.0, 10.0, 10.0, 0.0
20140606,47.6062095,-122.3320708,0,0.0, 0.0, 0.0, 0.0, 0.0, 0.0, 0.0, 0.0, 65.0, 43.0, 30.11, 2.0, 0.0, 340.0, 10.0, 0.0, 78.0, 53.0, 74.0, 20.0, 48.0, 32.0, 30.14, 30.07, 10.0, 0.0, 10.0, 10.0, 0.0
20140604,47.6062095,-122.3320708,0,0.0, 0.0, 0.0, 0.0, 0.0, 0.0, 0.0, 0.0, 60.0, 49.0, 30.12, 4.0, 0.0, 224.0, 10.0, 0.0, 68.0, 53.0, 80.0, 52.0, 51.0, 47.0, 30.15, 30.09, 12.0, 0.0, 10.0, 10.0, 0.0
20131027,47.6062095,-122.3320708,0,0.0, 1.0, 0.0, 0.0, 0.0, 0.0, 0.0, 0.0, 52.0, 44.0, 29.98, 5.0, 0.0, 38.0, 9.0, 0.0, 57.0, 48.0, 87.0, 56.0, 47.0, 42.0, 30.2, 29.92, 13.0, 0.0, 10.0, 3.0, 0.06
20140423,47.6062095,-122.3320708,0,0.0, 1.0, 0.0, 0.0, 0.0, 0.0, 0.0, 0.0, 50.0, 42.0, 29.84, 9.0, 0.0, 155.0, 10.0, 0.0, 55.0, 45.0, 87.0, 62.0, 47.0, 40.0, 29.91, 29.65, 14.0, 6.0, 10.0, 9.0, 0.22
20140422,47.6062095,-122.3320708,0,0.0, 1.0, 0.0, 0.0, 0.0, 0.0, 0.0, 0.0, 50.0, 40.0, 29.89, 6.0, 0.0, 150.0, 10.0, 0.0, 57.0, 44.0, 83.0, 49.0, 43.0, 38.0, 29.92, 29.85, 16.0, 0.0, 10.0, 7.0, 0.53
20140426,47.6062095,-122.3320708,0,0.0, 1.0, 0.0, 0.0, 0.0, 0.0, 0.0, 0.0, 52.0, 38.0, 29.78, 7.0, 0.0, 175.0, 10.0, 0.0, 61.0, 45.0, 83.0, 35.0, 45.0, 31.0, 29.85, 29.66, 12.0, 5.0, 10.0, 6.0, 0.18
20140425,47.6062095,-122.3320708,0,0.0, 0.0, 0.0, 0.0, 0.0, 0.0, 0.0, 0.0, 52.0, 38.0, 29.87, 4.0, 0.0, 48.0, 10.0, 0.0, 59.0, 45.0, 82.0, 41.0, 40.0, 35.0, 29.91, 29.83, 10.0, 0.0, 10.0, 10.0, 0.05
20130604,47.6062095,-122.3320708,0,0.0, 0.0, 0.0, 0.0, 0.0, 0.0, 0.0, 0.0, 66.0, 48.0, 30.09, 3.0, 0.0, 314.0, 10.0, 0.0, 78.0, 55.0, 77.0, 30.0, 51.0, 43.0, 30.14, 30.02, 10.0, 0.0, 10.0, 10.0, 0.0
20130605,47.6062095,-122.3320708,0,0.0, 0.0, 0.0, 0.0, 0.0, 0.0, 0.0, 0.0, 68.0, 50.0, 30.06, 2.0, 0.0, 318.0, 10.0, 0.0, 78.0, 59.0, 63.0, 37.0, 53.0, 45.0, 30.1, 30.03, 9.0, 0.0, 10.0, 10.0, 0.0
20130606,47.6062095,-122.3320708,0,0.0, 0.0, 0.0, 0.0, 0.0, 0.0, 0.0, 0.0, 68.0, 47.0, 30.04, 2.0, 0.0, 326.0, 10.0, 0.0, 80.0, 57.0, 77.0, 29.0, 51.0, 42.0, 30.07, 30.01, 7.0, 0.0, 10.0, 10.0, 0.0
20130607,47.6062095,-122.3320708,0,0.0, 0.0, 0.0, 0.0, 0.0, 0.0, 0.0, 0.0, 62.0, 48.0, 30.09, 5.0, 0.0, 192.0, 10.0, 0.0, 69.0, 57.0, 70.0, 43.0, 53.0, 42.0, 30.16, 30.04, 12.0, 0.0, 10.0, 10.0, 0.0
20130601,47.6062095,-122.3320708,0,0.0, 0.0, 0.0, 0.0, 0.0, 0.0, 0.0, 0.0, 64.0, 45.0, 30.15, 3.0, 0.0, 295.0, 10.0, 0.0, 73.0, 55.0, 69.0, 36.0, 47.0, 42.0, 30.25, 30.06, 8.0, 0.0, 10.0, 10.0, 0.0
20130602,47.6062095,-122.3320708,0,0.0, 1.0, 0.0, 0.0, 0.0, 0.0, 0.0, 0.0, 62.0, 47.0, 30.08, 4.0, 0.0, 299.0, 10.0, 0.0, 70.0, 55.0, 77.0, 42.0, 50.0, 43.0, 30.1, 30.05, 10.0, 0.0, 10.0, 10.0, 0.0
20130603,47.6062095,-122.3320708,0,0.0, 0.0, 0.0, 0.0, 0.0, 0.0, 0.0, 0.0, 63.0, 49.0, 30.1, 4.0, 0.0, 216.0, 10.0, 0.0, 73.0, 53.0, 83.0, 44.0, 51.0, 47.0, 30.14, 30.06, 8.0, 0.0, 10.0, 10.0, 0.0
20141125,47.6062095,-122.3320708,0,0.0, 1.0, 0.0, 0.0, 0.0, 0.0, 0.0, 0.0, 56.0, 50.0, 30.17, 6.0, 0.0, 187.0, 6.0, 0.0, 60.0, 51.0, 89.0, 77.0, 54.0, 46.0, 30.23, 30.1, 17.0, 0.0, 10.0, 2.0, 0.33
20130609,47.6062095,-122.3320708,0,0.0, 0.0, 0.0, 0.0, 0.0, 0.0, 0.0, 0.0, 62.0, 45.0, 30.09, 3.0, 0.0, 358.0, 10.0, 0.0, 68.0, 55.0, 72.0, 43.0, 47.0, 42.0, 30.13, 30.03, 8.0, 0.0, 10.0, 10.0, 0.0
20141127,47.6062095,-122.3320708,0,0.0, 1.0, 0.0, 0.0, 0.0, 0.0, 0.0, 0.0, 58.0, 49.0, 29.81, 12.0, 0.0, 174.0, 10.0, 0.0, 62.0, 55.0, 81.0, 52.0, 51.0, 43.0, 29.87, 29.68, 18.0, 8.0, 10.0, 6.0, 0.04
20130808,47.6062095,-122.3320708,0,0.0, 0.0, 0.0, 0.0, 0.0, 0.0, 0.0, 0.0, 71.0, 55.0, 30.0, 3.0, 0.0, 215.0, 10.0, 0.0, 82.0, 60.0, 83.0, 39.0, 57.0, 53.0, 30.05, 29.94, 8.0, 0.0, 10.0, 10.0, 0.0
20130809,47.6062095,-122.3320708,0,0.0, 0.0, 0.0, 0.0, 0.0, 0.0, 0.0, 0.0, 72.0, 54.0, 29.91, 3.0, 0.0, 307.0, 10.0, 0.0, 82.0, 61.0, 75.0, 38.0, 57.0, 52.0, 29.96, 29.84, 16.0, 0.0, 10.0, 10.0, 0.0
20140309,47.6062095,-122.3320708,0,0.0, 1.0, 0.0, 0.0, 0.0, 0.0, 0.0, 0.0, 55.0, 47.0, 29.95, 8.0, 0.0, 196.0, 9.0, 0.0, 60.0, 50.0, 89.0, 62.0, 51.0, 46.0, 30.03, 29.85, 14.0, 0.0, 10.0, 4.0, 0.26
20130802,47.6062095,-122.3320708,0,0.0, 1.0, 0.0, 0.0, 0.0, 0.0, 0.0, 0.0, 62.0, 55.0, 30.11, 6.0, 0.0, 178.0, 10.0, 0.0, 64.0, 60.0, 84.0, 72.0, 57.0, 53.0, 30.13, 30.07, 10.0, 0.0, 10.0, 6.0, 0.0
20130803,47.6062095,-122.3320708,0,0.0, 0.0, 0.0, 0.0, 0.0, 0.0, 0.0, 0.0, 68.0, 56.0, 30.11, 2.0, 0.0, 316.0, 9.0, 0.0, 75.0, 60.0, 87.0, 50.0, 57.0, 53.0, 30.14, 30.06, 7.0, 0.0, 10.0, 4.0, 0.0
20130801,47.6062095,-122.3320708,0,0.0, 0.0, 0.0, 0.0, 0.0, 0.0, 0.0, 0.0, 63.0, 53.0, 30.06, 7.0, 0.0, 191.0, 10.0, 0.0, 69.0, 57.0, 83.0, 57.0, 54.0, 52.0, 30.08, 30.04, 13.0, 0.0, 10.0, 10.0, 0.0
20140302,47.6062095,-122.3320708,0,0.0, 1.0, 0.0, 0.0, 0.0, 0.0, 0.0, 0.0, 44.0, 37.0, 29.65, 8.0, 0.0, 140.0, 8.0, 0.0, 51.0, 37.0, 89.0, 65.0, 46.0, 29.0, 29.74, 29.55, 15.0, 0.0, 10.0, 3.0, 0.7
20130807,47.6062095,-122.3320708,0,0.0, 0.0, 0.0, 0.0, 0.0, 0.0, 0.0, 0.0, 74.0, 53.0, 29.98, 2.0, 0.0, 317.0, 10.0, 0.0, 86.0, 62.0, 75.0, 29.0, 55.0, 49.0, 30.02, 29.94, 10.0, 0.0, 10.0, 10.0, 0.0
20130804,47.6062095,-122.3320708,0,0.0, 0.0, 0.0, 0.0, 0.0, 0.0, 0.0, 0.0, 70.0, 55.0, 30.02, 3.0, 0.0, 317.0, 10.0, 0.0, 81.0, 59.0, 83.0, 40.0, 57.0, 53.0, 30.07, 29.94, 10.0, 0.0, 10.0, 10.0, 0.0
20130805,47.6062095,-122.3320708,0,0.0, 0.0, 0.0, 0.0, 0.0, 0.0, 0.0, 0.0, 73.0, 55.0, 29.98, 2.0, 0.0, 324.0, 10.0, 0.0, 86.0, 62.0, 78.0, 34.0, 57.0, 54.0, 30.02, 29.92, 9.0, 0.0, 10.0, 10.0, 0.0
20111115,47.6062095,-122.3320708,0,0.0, 0.0, 0.0, 0.0, 0.0, 0.0, 0.0, 0.0, 38.0, 32.0, 30.27, 3.0, 0.0, 108.0, 10.0, 0.0, 46.0, 30.0, 96.0, 54.0, 36.0, 30.0, 30.31, 30.16, 5.0, 0.0, 10.0, 10.0, 0.0
20111116,47.6062095,-122.3320708,0,0.0, 1.0, 0.0, 0.0, 0.0, 0.0, 0.0, 0.0, 42.0, 40.0, 29.87, 4.0, 0.0, 154.0, 8.0, 0.0, 53.0, 32.0, 100.0, 82.0, 50.0, 30.0, 30.27, 29.59, 16.0, 0.0, 10.0, 1.0, 0.38
20141113,47.6062095,-122.3320708,0,0.0, 0.0, 0.0, 0.0, 0.0, 0.0, 0.0, 0.0, 40.0, 9.0, 30.01, 4.0, 0.0, 124.0, 10.0, 0.0, 48.0, 30.0, 64.0, 18.0, 19.0, 2.0, 30.1, 29.97, 12.0, 0.0, 10.0, 10.0, 0.0
20141018,47.6062095,-122.3320708,0,0.0, 1.0, 0.0, 0.0, 0.0, 0.0, 0.0, 0.0, 64.0, 57.0, 29.9, 4.0, 0.0, 133.0, 8.0, 0.0, 68.0, 59.0, 90.0, 68.0, 59.0, 55.0, 29.96, 29.8, 10.0, 0.0, 10.0, 2.0, 0.31
20141015,47.6062095,-122.3320708,0,0.0, 1.0, 0.0, 0.0, 0.0, 0.0, 0.0, 0.0, 58.0, 50.0, 29.71, 7.0, 0.0, 151.0, 9.0, 0.0, 62.0, 54.0, 87.0, 67.0, 53.0, 46.0, 29.98, 29.51, 18.0, 4.0, 10.0, 3.0, 0.45
20141014,47.6062095,-122.3320708,0,0.0, 1.0, 0.0, 0.0, 0.0, 0.0, 0.0, 0.0, 59.0, 51.0, 29.75, 5.0, 0.0, 144.0, 9.0, 0.0, 63.0, 55.0, 88.0, 63.0, 52.0, 50.0, 29.84, 29.54, 10.0, 0.0, 10.0, 3.0, 0.11
20141011,47.6062095,-122.3320708,0,0.0, 1.0, 0.0, 0.0, 0.0, 0.0, 0.0, 0.0, 60.0, 54.0, 30.06, 7.0, 0.0, 156.0, 10.0, 0.0, 66.0, 55.0, 87.0, 59.0, 56.0, 51.0, 30.2, 30.0, 14.0, 0.0, 10.0, 8.0, 0.0
20141010,47.6062095,-122.3320708,0,1.0, 1.0, 0.0, 0.0, 0.0, 0.0, 0.0, 0.0, 58.0, 53.0, 30.04, 6.0, 0.0, 151.0, 6.0, 0.0, 68.0, 51.0, 94.0, 61.0, 56.0, 48.0, 30.07, 30.01, 15.0, 0.0, 10.0, 0.0, 0.0
20141013,47.6062095,-122.3320708,0,0.0, 1.0, 0.0, 0.0, 0.0, 0.0, 0.0, 0.0, 62.0, 51.0, 29.79, 4.0, 0.0, 184.0, 10.0, 0.0, 71.0, 54.0, 87.0, 46.0, 55.0, 46.0, 30.03, 29.65, 13.0, 0.0, 10.0, 4.0, 0.0
20141012,47.6062095,-122.3320708,0,0.0, 1.0, 0.0, 0.0, 0.0, 0.0, 0.0, 0.0, 60.0, 52.0, 30.19, 5.0, 0.0, 159.0, 10.0, 0.0, 66.0, 55.0, 88.0, 56.0, 54.0, 50.0, 30.26, 30.04, 8.0, 0.0, 10.0, 10.0, 0.0
20130509,47.6062095,-122.3320708,0,0.0, 0.0, 0.0, 0.0, 0.0, 0.0, 0.0, 0.0, 62.0, 49.0, 30.19, 2.0, 0.0, 295.0, 9.0, 0.0, 71.0, 53.0, 86.0, 44.0, 51.0, 47.0, 30.23, 30.12, 6.0, 0.0, 10.0, 4.0, 0.0
20130508,47.6062095,-122.3320708,0,0.0, 0.0, 0.0, 0.0, 0.0, 0.0, 0.0, 0.0, 60.0, 48.0, 30.12, 6.0, 0.0, 196.0, 10.0, 0.0, 68.0, 53.0, 83.0, 52.0, 50.0, 47.0, 30.16, 30.04, 9.0, 0.0, 10.0, 10.0, 0.0
20130507,47.6062095,-122.3320708,0,0.0, 0.0, 0.0, 0.0, 0.0, 0.0, 0.0, 0.0, 62.0, 49.0, 29.95, 5.0, 0.0, 196.0, 10.0, 0.0, 72.0, 53.0, 86.0, 51.0, 52.0, 48.0, 30.02, 29.85, 10.0, 0.0, 10.0, 10.0, 0.0
20130506,47.6062095,-122.3320708,0,0.0, 0.0, 0.0, 0.0, 0.0, 0.0, 0.0, 0.0, 70.0, 45.0, 29.81, 1.0, 0.0, 315.0, 10.0, 0.0, 86.0, 55.0, 69.0, 21.0, 49.0, 40.0, 29.86, 29.75, 9.0, 0.0, 10.0, 10.0, 0.0
20130505,47.6062095,-122.3320708,0,0.0, 0.0, 0.0, 0.0, 0.0, 0.0, 0.0, 0.0, 70.0, 41.0, 29.89, 3.0, 0.0, 326.0, 10.0, 0.0, 84.0, 57.0, 56.0, 18.0, 48.0, 35.0, 29.99, 29.78, 12.0, 0.0, 10.0, 10.0, 0.0
20130504,47.6062095,-122.3320708,0,0.0, 0.0, 0.0, 0.0, 0.0, 0.0, 0.0, 0.0, 66.0, 42.0, 30.14, 4.0, 0.0, 339.0, 10.0, 0.0, 78.0, 54.0, 69.0, 20.0, 47.0, 33.0, 30.25, 30.0, 10.0, 0.0, 10.0, 10.0, 0.0
20130503,47.6062095,-122.3320708,0,0.0, 0.0, 0.0, 0.0, 0.0, 0.0, 0.0, 0.0, 61.0, 42.0, 30.33, 4.0, 0.0, 9.0, 10.0, 0.0, 72.0, 51.0, 68.0, 36.0, 46.0, 38.0, 30.4, 30.24, 9.0, 0.0, 10.0, 10.0, 0.0
20130502,47.6062095,-122.3320708,0,0.0, 0.0, 0.0, 0.0, 0.0, 0.0, 0.0, 0.0, 57.0, 37.0, 30.45, 3.0, 0.0, 326.0, 10.0, 0.0, 66.0, 48.0, 63.0, 33.0, 41.0, 33.0, 30.55, 30.38, 9.0, 0.0, 10.0, 10.0, 0.0
20130501,47.6062095,-122.3320708,0,0.0, 0.0, 0.0, 0.0, 0.0, 0.0, 0.0, 0.0, 51.0, 32.0, 30.55, 3.0, 0.0, 320.0, 10.0, 0.0, 64.0, 39.0, 77.0, 26.0, 36.0, 27.0, 30.59, 30.47, 9.0, 0.0, 10.0, 10.0, 0.0
20140131,47.6062095,-122.3320708,0,0.0, 1.0, 0.0, 0.0, 0.0, 0.0, 0.0, 0.0, 44.0, 36.0, 30.06, 5.0, 0.0, 312.0, 9.0, 0.0, 46.0, 42.0, 89.0, 56.0, 40.0, 29.0, 30.17, 29.93, 8.0, 0.0, 10.0, 2.0, 0.03
20130313,47.6062095,-122.3320708,0,0.0, 1.0, 0.0, 0.0, 0.0, 0.0, 0.0, 0.0, 53.0, 48.0, 30.15, 9.0, 0.0, 167.0, 10.0, 0.0, 54.0, 51.0, 89.0, 77.0, 50.0, 46.0, 30.2, 30.1, 15.0, 0.0, 10.0, 7.0, 0.15
20130608,47.6062095,-122.3320708,0,0.0, 0.0, 0.0, 0.0, 0.0, 0.0, 0.0, 0.0, 62.0, 46.0, 30.16, 3.0, 0.0, 351.0, 10.0, 0.0, 69.0, 55.0, 67.0, 47.0, 49.0, 45.0, 30.19, 30.11, 8.0, 0.0, 10.0, 10.0, 0.0
20130430,47.6062095,-122.3320708,0,0.0, 0.0, 0.0, 0.0, 0.0, 0.0, 0.0, 0.0, 48.0, 32.0, 30.32, 6.0, 0.0, 76.0, 10.0, 0.0, 57.0, 41.0, 79.0, 35.0, 35.0, 28.0, 30.45, 30.19, 8.0, 0.0, 10.0, 10.0, 0.0
20131121,47.6062095,-122.3320708,0,0.0, 0.0, 0.0, 0.0, 0.0, 0.0, 0.0, 0.0, 40.0, 25.0, 30.62, 2.0, 0.0, 12.0, 10.0, 0.0, 46.0, 33.0, 79.0, 42.0, 28.0, 22.0, 30.67, 30.53, 6.0, 0.0, 10.0, 10.0, 0.0
20130630,47.6062095,-122.3320708,0,0.0, 0.0, 0.0, 0.0, 0.0, 0.0, 0.0, 0.0, 78.0, 58.0, 29.94, 3.0, 0.0, 315.0, 10.0, 0.0, 91.0, 64.0, 70.0, 28.0, 61.0, 53.0, 30.02, 29.85, 8.0, 0.0, 10.0, 10.0, 0.0
20130727,47.6062095,-122.3320708,0,0.0, 0.0, 0.0, 0.0, 0.0, 0.0, 0.0, 0.0, 68.0, 49.0, 30.1, 2.0, 0.0, 221.0, 10.0, 0.0, 79.0, 57.0, 77.0, 33.0, 52.0, 46.0, 30.18, 30.0, 8.0, 0.0, 10.0, 10.0, 0.0
20130726,47.6062095,-122.3320708,0,0.0, 0.0, 0.0, 0.0, 0.0, 0.0, 0.0, 0.0, 74.0, 48.0, 30.12, 3.0, 0.0, 359.0, 10.0, 0.0, 87.0, 61.0, 70.0, 17.0, 53.0, 36.0, 30.16, 30.07, 8.0, 0.0, 10.0, 10.0, 0.0
20130725,47.6062095,-122.3320708,0,0.0, 0.0, 0.0, 0.0, 0.0, 0.0, 0.0, 0.0, 72.0, 50.0, 30.08, 3.0, 0.0, 321.0, 10.0, 0.0, 86.0, 59.0, 75.0, 26.0, 53.0, 45.0, 30.11, 30.04, 8.0, 0.0, 10.0, 10.0, 0.0
20130724,47.6062095,-122.3320708,0,0.0, 0.0, 0.0, 0.0, 0.0, 0.0, 0.0, 0.0, 72.0, 50.0, 30.03, 3.0, 0.0, 321.0, 10.0, 0.0, 86.0, 61.0, 72.0, 26.0, 54.0, 43.0, 30.06, 29.99, 9.0, 0.0, 10.0, 10.0, 0.0
20130723,47.6062095,-122.3320708,0,0.0, 0.0, 0.0, 0.0, 0.0, 0.0, 0.0, 0.0, 70.0, 52.0, 30.03, 4.0, 0.0, 311.0, 10.0, 0.0, 84.0, 57.0, 89.0, 25.0, 55.0, 45.0, 30.08, 29.97, 10.0, 0.0, 10.0, 10.0, 0.0
20140831,47.6062095,-122.3320708,0,0.0, 1.0, 0.0, 0.0, 0.0, 0.0, 0.0, 0.0, 66.0, 54.0, 30.04, 5.0, 0.0, 148.0, 8.0, 0.0, 73.0, 59.0, 90.0, 46.0, 57.0, 50.0, 30.07, 29.99, 8.0, 0.0, 10.0, 2.0, 0.0
20130721,47.6062095,-122.3320708,0,0.0, 0.0, 0.0, 0.0, 0.0, 0.0, 0.0, 0.0, 67.0, 55.0, 29.96, 4.0, 0.0, 213.0, 9.0, 0.0, 77.0, 57.0, 88.0, 50.0, 57.0, 53.0, 29.99, 29.91, 7.0, 0.0, 10.0, 4.0, 0.0
20130720,47.6062095,-122.3320708,0,0.0, 0.0, 0.0, 0.0, 0.0, 0.0, 0.0, 0.0, 67.0, 55.0, 30.05, 4.0, 0.0, 254.0, 9.0, 0.0, 77.0, 57.0, 88.0, 48.0, 56.0, 54.0, 30.1, 29.96, 7.0, 0.0, 10.0, 3.0, 0.0
20130806,47.6062095,-122.3320708,0,0.0, 0.0, 0.0, 0.0, 0.0, 0.0, 0.0, 0.0, 74.0, 52.0, 29.97, 2.0, 0.0, 317.0, 10.0, 0.0, 87.0, 60.0, 75.0, 28.0, 55.0, 48.0, 30.01, 29.91, 7.0, 0.0, 10.0, 10.0, 0.0
20130729,47.6062095,-122.3320708,0,0.0, 0.0, 0.0, 0.0, 0.0, 0.0, 0.0, 0.0, 67.0, 51.0, 29.99, 3.0, 0.0, 203.0, 10.0, 0.0, 77.0, 57.0, 75.0, 41.0, 53.0, 49.0, 30.02, 29.95, 6.0, 0.0, 10.0, 10.0, 0.0
20130728,47.6062095,-122.3320708,0,0.0, 0.0, 0.0, 0.0, 0.0, 0.0, 0.0, 0.0, 62.0, 51.0, 30.02, 6.0, 0.0, 192.0, 10.0, 0.0, 70.0, 55.0, 82.0, 53.0, 52.0, 50.0, 30.04, 29.97, 10.0, 4.0, 10.0, 10.0, 0.0
20131224,47.6062095,-122.3320708,0,0.0, 0.0, 0.0, 0.0, 0.0, 0.0, 0.0, 0.0, 42.0, 36.0, 30.58, 2.0, 0.0, 150.0, 10.0, 0.0, 48.0, 36.0, 89.0, 68.0, 39.0, 33.0, 30.63, 30.53, 6.0, 0.0, 10.0, 8.0, 0.0
20131227,47.6062095,-122.3320708,0,1.0, 1.0, 0.0, 0.0, 0.0, 0.0, 0.0, 0.0, 40.0, 36.0, 30.23, 2.0, 0.0, 147.0, 4.0, 0.0, 48.0, 33.0, 96.0, 71.0, 43.0, 30.0, 30.38, 30.14, 14.0, 0.0, 10.0, 0.0, 0.03
20140518,47.6062095,-122.3320708,0,0.0, 1.0, 0.0, 0.0, 0.0, 0.0, 0.0, 0.0, 60.0, 49.0, 29.85, 3.0, 0.0, 171.0, 10.0, 0.0, 68.0, 54.0, 80.0, 47.0, 52.0, 46.0, 29.91, 29.81, 12.0, 0.0, 10.0, 10.0, 0.04
20131221,47.6062095,-122.3320708,0,0.0, 1.0, 0.0, 0.0, 0.0, 0.0, 0.0, 0.0, 45.0, 41.0, 30.06, 2.0, 0.0, 112.0, 6.0, 0.0, 48.0, 42.0, 93.0, 81.0, 44.0, 37.0, 30.17, 29.87, 6.0, 0.0, 10.0, 2.0, 0.22
20141021,47.6062095,-122.3320708,0,0.0, 1.0, 0.0, 0.0, 0.0, 0.0, 0.0, 0.0, 58.0, 49.0, 29.85, 8.0, 0.0, 151.0, 10.0, 0.0, 64.0, 55.0, 87.0, 58.0, 52.0, 46.0, 29.93, 29.74, 15.0, 0.0, 10.0, 6.0, 0.1
20141023,47.6062095,-122.3320708,0,0.0, 1.0, 0.0, 0.0, 0.0, 0.0, 0.0, 0.0, 55.0, 47.0, 29.83, 9.0, 0.0, 160.0, 10.0, 0.0, 62.0, 50.0, 86.0, 62.0, 49.0, 44.0, 30.01, 29.71, 15.0, 0.0, 10.0, 10.0, 0.35
20140513,47.6062095,-122.3320708,0,0.0, 0.0, 0.0, 0.0, 0.0, 0.0, 0.0, 0.0, 70.0, 45.0, 30.33, 3.0, 0.0, 315.0, 10.0, 0.0, 80.0, 59.0, 60.0, 25.0, 48.0, 40.0, 30.37, 30.28, 9.0, 0.0, 10.0, 10.0, 0.0
20140510,47.6062095,-122.3320708,0,0.0, 0.0, 0.0, 0.0, 0.0, 0.0, 0.0, 0.0, 54.0, 44.0, 30.15, 5.0, 0.0, 126.0, 10.0, 0.0, 61.0, 48.0, 87.0, 48.0, 46.0, 41.0, 30.28, 30.03, 7.0, 0.0, 10.0, 10.0, 0.0
20140516,47.6062095,-122.3320708,0,0.0, 0.0, 0.0, 0.0, 0.0, 0.0, 0.0, 0.0, 62.0, 48.0, 30.09, 8.0, 0.0, 181.0, 10.0, 0.0, 69.0, 55.0, 75.0, 47.0, 50.0, 46.0, 30.12, 30.06, 12.0, 5.0, 10.0, 10.0, 0.0
20140812,47.6062095,-122.3320708,0,0.0, 1.0, 0.0, 0.0, 0.0, 0.0, 0.0, 0.0, 75.0, 58.0, 29.86, 4.0, 0.0, 168.0, 9.0, 0.0, 82.0, 68.0, 84.0, 38.0, 64.0, 52.0, 29.9, 29.81, 12.0, 0.0, 10.0, 5.0, 0.0
20141111,47.6062095,-122.3320708,0,0.0, 0.0, 0.0, 0.0, 0.0, 0.0, 0.0, 0.0, 42.0, 18.0, 30.28, 5.0, 0.0, 95.0, 10.0, 0.0, 48.0, 36.0, 80.0, 20.0, 39.0, 3.0, 30.37, 30.18, 15.0, 0.0, 10.0, 10.0, 0.0
20150125,47.6062095,-122.3320708,0,0.0, 0.0, 0.0, 0.0, 0.0, 0.0, 0.0, 0.0, 57.0, 49.0, 30.11, 3.0, 0.0, 265.0, 10.0, 0.0, 64.0, 50.0, 86.0, 54.0, 53.0, 45.0, 30.22, 29.97, 8.0, 0.0, 10.0, 6.0, 0.01
20150124,47.6062095,-122.3320708,0,0.0, 0.0, 0.0, 0.0, 0.0, 0.0, 0.0, 0.0, 58.0, 52.0, 30.26, 7.0, 0.0, 159.0, 10.0, 0.0, 62.0, 55.0, 87.0, 75.0, 55.0, 51.0, 30.32, 30.21, 10.0, 0.0, 10.0, 10.0, 0.02
20141114,47.6062095,-122.3320708,0,0.0, 0.0, 0.0, 0.0, 0.0, 0.0, 0.0, 0.0, 38.0, 18.0, 30.15, 2.0, 0.0, 19.0, 10.0, 0.0, 48.0, 28.0, 69.0, 23.0, 26.0, 11.0, 30.31, 30.03, 8.0, 0.0, 10.0, 10.0, 0.0
20150122,47.6062095,-122.3320708,0,0.0, 1.0, 0.0, 0.0, 0.0, 0.0, 0.0, 0.0, 48.0, 43.0, 30.33, 1.0, 0.0, 136.0, 9.0, 0.0, 52.0, 45.0, 87.0, 76.0, 46.0, 38.0, 30.4, 30.27, 8.0, 0.0, 10.0, 5.0, 0.03
20141116,47.6062095,-122.3320708,0,0.0, 0.0, 0.0, 0.0, 0.0, 0.0, 0.0, 0.0, 39.0, 21.0, 30.45, 1.0, 0.0, 312.0, 10.0, 0.0, 50.0, 28.0, 69.0, 25.0, 27.0, 15.0, 30.52, 30.37, 8.0, 0.0, 10.0, 10.0, 0.0
20141117,47.6062095,-122.3320708,0,0.0, 0.0, 0.0, 0.0, 0.0, 0.0, 0.0, 0.0, 41.0, 25.0, 30.31, 1.0, 0.0, 300.0, 10.0, 0.0, 52.0, 30.0, 75.0, 34.0, 29.0, 22.0, 30.4, 30.19, 8.0, 0.0, 10.0, 9.0, 0.0
20141119,47.6062095,-122.3320708,0,0.0, 1.0, 0.0, 0.0, 0.0, 0.0, 0.0, 0.0, 44.0, 34.0, 29.93, 2.0, 0.0, 231.0, 9.0, 0.0, 52.0, 36.0, 86.0, 48.0, 37.0, 30.0, 30.08, 29.83, 9.0, 0.0, 10.0, 5.0, 0.0
20140815,47.6062095,-122.3320708,0,0.0, 1.0, 0.0, 0.0, 0.0, 0.0, 0.0, 0.0, 70.0, 60.0, 30.02, 3.0, 0.0, 220.0, 10.0, 0.0, 78.0, 64.0, 88.0, 54.0, 62.0, 58.0, 30.07, 29.97, 9.0, 0.0, 10.0, 3.0, 0.0
20131004,47.6062095,-122.3320708,0,1.0, 0.0, 0.0, 0.0, 0.0, 0.0, 0.0, 0.0, 53.0, 43.0, 30.45, 0.0, 0.0, 140.0, 7.0, 0.0, 66.0, 42.0, 93.0, 40.0, 47.0, 39.0, 30.5, 30.36, 4.0, 0.0, 10.0, 0.0, 0.01
20140122,47.6062095,-122.3320708,0,0.0, 0.0, 0.0, 0.0, 0.0, 0.0, 0.0, 0.0, 48.0, 41.0, 30.4, 4.0, 0.0, 33.0, 8.0, 0.0, 50.0, 45.0, 90.0, 71.0, 43.0, 38.0, 30.45, 30.35, 8.0, 0.0, 10.0, 5.0, 0.0
20130322,47.6062095,-122.3320708,0,0.0, 1.0, 0.0, 0.0, 0.0, 0.0, 0.0, 0.0, 42.0, 30.0, 30.31, 5.0, 0.0, 104.0, 10.0, 0.0, 48.0, 36.0, 89.0, 41.0, 34.0, 23.0, 30.39, 30.23, 13.0, 0.0, 10.0, 10.0, 0.01
20130321,47.6062095,-122.3320708,0,0.0, 1.0, 0.0, 0.0, 0.0, 0.0, 0.0, 0.0, 42.0, 33.0, 30.15, 7.0, 0.0, 175.0, 10.0, 0.0, 50.0, 37.0, 89.0, 56.0, 37.0, 30.0, 30.23, 30.04, 9.0, 0.0, 10.0, 6.0, 0.1
20130320,47.6062095,-122.3320708,0,0.0, 1.0, 0.0, 0.0, 0.0, 0.0, 0.0, 0.0, 47.0, 39.0, 29.65, 11.0, 0.0, 183.0, 9.0, 0.0, 53.0, 41.0, 90.0, 62.0, 48.0, 30.0, 30.03, 29.4, 21.0, 5.0, 10.0, 5.0, 0.72
20130327,47.6062095,-122.3320708,0,0.0, 1.0, 0.0, 0.0, 0.0, 0.0, 0.0, 0.0, 52.0, 40.0, 29.97, 2.0, 0.0, 345.0, 10.0, 0.0, 57.0, 48.0, 83.0, 50.0, 45.0, 34.0, 30.0, 29.95, 6.0, 0.0, 10.0, 9.0, 0.01
20130326,47.6062095,-122.3320708,0,0.0, 0.0, 0.0, 0.0, 0.0, 0.0, 0.0, 0.0, 54.0, 36.0, 29.99, 2.0, 0.0, 306.0, 10.0, 0.0, 62.0, 48.0, 69.0, 36.0, 39.0, 32.0, 30.03, 29.96, 6.0, 0.0, 10.0, 10.0, 0.0
20130325,47.6062095,-122.3320708,0,0.0, 0.0, 0.0, 0.0, 0.0, 0.0, 0.0, 0.0, 49.0, 29.0, 30.03, 2.0, 0.0, 313.0, 10.0, 0.0, 62.0, 37.0, 70.0, 26.0, 35.0, 26.0, 30.13, 29.94, 9.0, 0.0, 10.0, 10.0, 0.0
20130324,47.6062095,-122.3320708,0,0.0, 0.0, 0.0, 0.0, 0.0, 0.0, 0.0, 0.0, 44.0, 29.0, 30.23, 2.0, 0.0, 318.0, 10.0, 0.0, 55.0, 33.0, 82.0, 34.0, 33.0, 26.0, 30.31, 30.13, 9.0, 0.0, 10.0, 10.0, 0.0
20130329,47.6062095,-122.3320708,0,0.0, 1.0, 0.0, 0.0, 0.0, 0.0, 0.0, 0.0, 55.0, 43.0, 30.22, 3.0, 0.0, 331.0, 10.0, 0.0, 64.0, 46.0, 83.0, 39.0, 45.0, 39.0, 30.26, 30.17, 7.0, 0.0, 10.0, 10.0, 0.01
20130328,47.6062095,-122.3320708,0,0.0, 1.0, 0.0, 0.0, 0.0, 0.0, 0.0, 0.0, 54.0, 44.0, 30.07, 1.0, 0.0, 154.0, 10.0, 0.0, 63.0, 45.0, 89.0, 50.0, 47.0, 41.0, 30.15, 30.0, 7.0, 0.0, 10.0, 6.0, 0.06
20130907,47.6062095,-122.3320708,0,0.0, 1.0, 0.0, 0.0, 0.0, 0.0, 0.0, 0.0, 68.0, 58.0, 30.07, 2.0, 0.0, 315.0, 10.0, 0.0, 73.0, 64.0, 84.0, 55.0, 59.0, 56.0, 30.11, 30.02, 7.0, 0.0, 10.0, 10.0, 0.0
20130905,47.6062095,-122.3320708,0,0.0, 1.0, 0.0, 0.0, 0.0, 0.0, 1.0, 0.0, 65.0, 58.0, 30.0, 2.0, 0.0, 296.0, 9.0, 0.0, 69.0, 62.0, 88.0, 68.0, 61.0, 56.0, 30.04, 29.95, 10.0, 0.0, 10.0, 5.0, 0.46
20130904,47.6062095,-122.3320708,0,0.0, 1.0, 0.0, 0.0, 0.0, 0.0, 0.0, 0.0, 67.0, 58.0, 30.03, 2.0, 0.0, 326.0, 10.0, 0.0, 72.0, 62.0, 84.0, 61.0, 59.0, 57.0, 30.06, 30.01, 12.0, 0.0, 10.0, 9.0, 0.0
20130921,47.6062095,-122.3320708,0,0.0, 0.0, 0.0, 0.0, 0.0, 0.0, 0.0, 0.0, 64.0, 53.0, 29.69, 5.0, 0.0, 182.0, 10.0, 0.0, 71.0, 57.0, 88.0, 51.0, 56.0, 50.0, 29.73, 29.66, 8.0, 0.0, 10.0, 10.0, 0.01
20130920,47.6062095,-122.3320708,0,0.0, 1.0, 0.0, 0.0, 0.0, 0.0, 0.0, 0.0, 64.0, 51.0, 29.67, 7.0, 0.0, 156.0, 10.0, 0.0, 75.0, 55.0, 84.0, 42.0, 57.0, 49.0, 29.76, 29.6, 10.0, 0.0, 10.0, 4.0, 0.15
20140227,47.6062095,-122.3320708,0,0.0, 0.0, 0.0, 0.0, 0.0, 0.0, 0.0, 0.0, 50.0, 37.0, 29.7, 1.0, 0.0, 188.0, 10.0, 0.0, 55.0, 44.0, 76.0, 51.0, 40.0, 35.0, 29.75, 29.65, 5.0, 0.0, 10.0, 10.0, 0.0
20130922,47.6062095,-122.3320708,0,0.0, 1.0, 0.0, 0.0, 0.0, 0.0, 0.0, 0.0, 60.0, 52.0, 29.67, 10.0, 0.0, 165.0, 10.0, 0.0, 63.0, 57.0, 84.0, 65.0, 54.0, 49.0, 29.76, 29.59, 17.0, 7.0, 10.0, 4.0, 0.37
20140221,47.6062095,-122.3320708,0,0.0, 1.0, 0.0, 0.0, 0.0, 0.0, 0.0, 0.0, 42.0, 36.0, 30.26, 4.0, 0.0, 157.0, 9.0, 0.0, 45.0, 39.0, 93.0, 70.0, 39.0, 34.0, 30.3, 30.22, 9.0, 0.0, 10.0, 4.0, 0.23
20130924,47.6062095,-122.3320708,0,0.0, 0.0, 0.0, 0.0, 0.0, 0.0, 0.0, 0.0, 58.0, 47.0, 29.9, 6.0, 0.0, 160.0, 10.0, 0.0, 64.0, 52.0, 86.0, 46.0, 50.0, 42.0, 29.96, 29.85, 14.0, 0.0, 10.0, 10.0, 0.01
20140223,47.6062095,-122.3320708,0,0.0, 1.0, 0.0, 0.0, 0.0, 0.0, 0.0, 0.0, 42.0, 37.0, 30.0, 6.0, 0.0, 145.0, 8.0, 0.0, 46.0, 39.0, 89.0, 63.0, 40.0, 34.0, 30.06, 29.95, 10.0, 0.0, 10.0, 3.0, 0.18
20140222,47.6062095,-122.3320708,0,0.0, 1.0, 0.0, 0.0, 0.0, 0.0, 0.0, 0.0, 40.0, 35.0, 30.16, 4.0, 0.0, 152.0, 10.0, 0.0, 43.0, 37.0, 87.0, 65.0, 37.0, 32.0, 30.24, 30.04, 12.0, 0.0, 10.0, 5.0, 0.09
20140416,47.6062095,-122.3320708,0,0.0, 1.0, 0.0, 0.0, 0.0, 0.0, 0.0, 0.0, 52.0, 47.0, 30.03, 10.0, 0.0, 162.0, 10.0, 0.0, 55.0, 50.0, 86.0, 71.0, 49.0, 43.0, 30.08, 29.94, 16.0, 7.0, 10.0, 9.0, 0.41
20130617,47.6062095,-122.3320708,0,0.0, 0.0, 0.0, 0.0, 0.0, 0.0, 0.0, 0.0, 68.0, 49.0, 30.02, 6.0, 0.0, 189.0, 10.0, 0.0, 78.0, 59.0, 75.0, 30.0, 53.0, 43.0, 30.1, 29.9, 14.0, 0.0, 10.0, 10.0, 0.0
20130616,47.6062095,-122.3320708,0,0.0, 0.0, 0.0, 0.0, 0.0, 0.0, 0.0, 0.0, 66.0, 51.0, 30.06, 4.0, 0.0, 197.0, 10.0, 0.0, 75.0, 57.0, 82.0, 44.0, 54.0, 47.0, 30.1, 30.0, 9.0, 0.0, 10.0, 10.0, 0.0
20130615,47.6062095,-122.3320708,0,0.0, 0.0, 0.0, 0.0, 0.0, 0.0, 0.0, 0.0, 64.0, 48.0, 29.97, 4.0, 0.0, 310.0, 10.0, 0.0, 75.0, 55.0, 77.0, 37.0, 50.0, 46.0, 30.05, 29.93, 9.0, 0.0, 10.0, 10.0, 0.0
20130614,47.6062095,-122.3320708,0,0.0, 0.0, 0.0, 0.0, 0.0, 0.0, 0.0, 0.0, 60.0, 46.0, 30.2, 8.0, 0.0, 174.0, 10.0, 0.0, 68.0, 55.0, 69.0, 47.0, 47.0, 45.0, 30.25, 30.06, 12.0, 0.0, 10.0, 10.0, 0.0
20130613,47.6062095,-122.3320708,0,0.0, 0.0, 0.0, 0.0, 0.0, 0.0, 0.0, 0.0, 62.0, 46.0, 30.18, 3.0, 0.0, 247.0, 10.0, 0.0, 70.0, 55.0, 77.0, 39.0, 48.0, 42.0, 30.23, 30.15, 7.0, 0.0, 10.0, 10.0, 0.0
20130612,47.6062095,-122.3320708,0,0.0, 0.0, 0.0, 0.0, 0.0, 0.0, 0.0, 0.0, 62.0, 45.0, 30.13, 8.0, 0.0, 190.0, 10.0, 0.0, 69.0, 55.0, 72.0, 37.0, 48.0, 41.0, 30.16, 30.12, 12.0, 4.0, 10.0, 10.0, 0.0
20130611,47.6062095,-122.3320708,0,0.0, 1.0, 0.0, 0.0, 0.0, 0.0, 0.0, 0.0, 60.0, 44.0, 30.03, 9.0, 0.0, 183.0, 10.0, 0.0, 68.0, 52.0, 72.0, 42.0, 45.0, 41.0, 30.12, 29.96, 15.0, 6.0, 10.0, 10.0, 0.0
20130610,47.6062095,-122.3320708,0,0.0, 0.0, 0.0, 0.0, 0.0, 0.0, 0.0, 0.0, 62.0, 44.0, 29.97, 4.0, 0.0, 304.0, 10.0, 0.0, 70.0, 53.0, 66.0, 35.0, 47.0, 41.0, 30.05, 29.89, 7.0, 0.0, 10.0, 10.0, 0.0
20140908,47.6062095,-122.3320708,0,0.0, 1.0, 0.0, 0.0, 0.0, 0.0, 0.0, 0.0, 66.0, 55.0, 29.89, 6.0, 0.0, 171.0, 9.0, 0.0, 72.0, 60.0, 83.0, 55.0, 60.0, 52.0, 29.94, 29.85, 10.0, 0.0, 10.0, 4.0, 0.0
20140909,47.6062095,-122.3320708,0,0.0, 0.0, 0.0, 0.0, 0.0, 0.0, 0.0, 0.0, 66.0, 52.0, 30.08, 5.0, 0.0, 182.0, 10.0, 0.0, 73.0, 59.0, 78.0, 46.0, 55.0, 50.0, 30.13, 29.96, 10.0, 0.0, 10.0, 10.0, 0.0
20130619,47.6062095,-122.3320708,0,0.0, 1.0, 0.0, 0.0, 0.0, 0.0, 0.0, 0.0, 60.0, 49.0, 29.96, 5.0, 0.0, 179.0, 10.0, 0.0, 69.0, 55.0, 77.0, 47.0, 53.0, 45.0, 30.02, 29.94, 9.0, 0.0, 10.0, 9.0, 0.0
20130618,47.6062095,-122.3320708,0,0.0, 0.0, 0.0, 0.0, 0.0, 0.0, 0.0, 0.0, 65.0, 47.0, 29.96, 7.0, 0.0, 181.0, 10.0, 0.0, 75.0, 57.0, 81.0, 29.0, 52.0, 39.0, 29.99, 29.88, 10.0, 0.0, 10.0, 10.0, 0.0
20140315,47.6062095,-122.3320708,0,0.0, 1.0, 0.0, 0.0, 0.0, 0.0, 0.0, 0.0, 53.0, 43.0, 30.25, 5.0, 0.0, 165.0, 10.0, 0.0, 62.0, 45.0, 83.0, 51.0, 50.0, 38.0, 30.34, 30.19, 13.0, 0.0, 10.0, 7.0, 0.2
20130818,47.6062095,-122.3320708,0,0.0, 0.0, 0.0, 0.0, 0.0, 0.0, 0.0, 0.0, 70.0, 54.0, 30.1, 4.0, 0.0, 219.0, 10.0, 0.0, 80.0, 61.0, 78.0, 45.0, 56.0, 50.0, 30.14, 30.07, 10.0, 0.0, 10.0, 10.0, 0.0
20130815,47.6062095,-122.3320708,0,0.0, 1.0, 0.0, 0.0, 0.0, 0.0, 0.0, 0.0, 69.0, 62.0, 29.97, 2.0, 0.0, 183.0, 9.0, 0.0, 72.0, 66.0, 84.0, 68.0, 64.0, 60.0, 29.99, 29.93, 7.0, 0.0, 10.0, 4.0, 0.0
20140703,47.6062095,-122.3320708,0,0.0, 0.0, 0.0, 0.0, 0.0, 0.0, 0.0, 0.0, 66.0, 50.0, 30.08, 5.0, 0.0, 200.0, 10.0, 0.0, 72.0, 60.0, 70.0, 47.0, 53.0, 45.0, 30.11, 30.03, 9.0, 0.0, 10.0, 10.0, 0.0
20130817,47.6062095,-122.3320708,0,0.0, 0.0, 0.0, 0.0, 0.0, 0.0, 0.0, 0.0, 71.0, 55.0, 30.05, 6.0, 0.0, 180.0, 10.0, 0.0, 79.0, 64.0, 70.0, 46.0, 58.0, 53.0, 30.08, 30.02, 12.0, 0.0, 10.0, 10.0, 0.0
20130816,47.6062095,-122.3320708,0,0.0, 0.0, 0.0, 0.0, 0.0, 0.0, 0.0, 0.0, 74.0, 58.0, 29.99, 2.0, 0.0, 229.0, 10.0, 0.0, 84.0, 63.0, 90.0, 29.0, 62.0, 49.0, 30.02, 29.95, 7.0, 0.0, 10.0, 4.0, 0.0
20140707,47.6062095,-122.3320708,0,0.0, 0.0, 0.0, 0.0, 0.0, 0.0, 0.0, 0.0, 74.0, 60.0, 30.09, 4.0, 0.0, 317.0, 10.0, 0.0, 81.0, 66.0, 79.0, 45.0, 61.0, 57.0, 30.14, 30.02, 9.0, 0.0, 10.0, 9.0, 0.0
20130813,47.6062095,-122.3320708,0,0.0, 0.0, 0.0, 0.0, 0.0, 0.0, 0.0, 0.0, 71.0, 52.0, 30.04, 3.0, 0.0, 288.0, 10.0, 0.0, 82.0, 60.0, 75.0, 30.0, 55.0, 48.0, 30.11, 29.94, 8.0, 0.0, 10.0, 10.0, 0.0
20140705,47.6062095,-122.3320708,0,0.0, 0.0, 0.0, 0.0, 0.0, 0.0, 0.0, 0.0, 68.0, 51.0, 30.1, 4.0, 0.0, 284.0, 9.0, 0.0, 77.0, 61.0, 72.0, 39.0, 53.0, 47.0, 30.14, 30.06, 10.0, 0.0, 10.0, 5.0, 0.0
20131215,47.6062095,-122.3320708,0,0.0, 1.0, 0.0, 0.0, 0.0, 0.0, 0.0, 0.0, 50.0, 45.0, 30.38, 9.0, 0.0, 160.0, 9.0, 0.0, 53.0, 48.0, 89.0, 76.0, 47.0, 42.0, 30.46, 30.33, 14.0, 0.0, 10.0, 4.0, 0.03
20131216,47.6062095,-122.3320708,0,1.0, 0.0, 0.0, 0.0, 0.0, 0.0, 0.0, 0.0, 46.0, 42.0, 30.41, 2.0, 0.0, 97.0, 8.0, 0.0, 50.0, 42.0, 93.0, 74.0, 44.0, 39.0, 30.5, 30.28, 6.0, 0.0, 10.0, 0.0, 0.0
20131212,47.6062095,-122.3320708,0,1.0, 1.0, 0.0, 0.0, 0.0, 0.0, 0.0, 0.0, 38.0, 35.0, 30.12, 6.0, 0.0, 139.0, 4.0, 0.0, 43.0, 32.0, 96.0, 70.0, 39.0, 29.0, 30.18, 30.06, 13.0, 0.0, 10.0, 0.0, 0.22
20131213,47.6062095,-122.3320708,0,0.0, 0.0, 0.0, 0.0, 0.0, 0.0, 0.0, 0.0, 46.0, 43.0, 30.33, 6.0, 0.0, 145.0, 7.0, 0.0, 50.0, 42.0, 93.0, 80.0, 46.0, 39.0, 30.43, 30.15, 9.0, 0.0, 10.0, 2.0, 0.01
20141208,47.6062095,-122.3320708,0,0.0, 1.0, 0.0, 0.0, 0.0, 0.0, 0.0, 0.0, 55.0, 44.0, 29.96, 3.0, 0.0, 132.0, 10.0, 0.0, 60.0, 50.0, 86.0, 51.0, 47.0, 40.0, 30.05, 29.85, 9.0, 0.0, 10.0, 6.0, 0.45
20130530,47.6062095,-122.3320708,0,0.0, 0.0, 0.0, 0.0, 0.0, 0.0, 0.0, 0.0, 56.0, 45.0, 30.11, 10.0, 0.0, 176.0, 10.0, 0.0, 63.0, 51.0, 77.0, 48.0, 48.0, 41.0, 30.25, 29.99, 14.0, 6.0, 10.0, 10.0, 0.0
20130531,47.6062095,-122.3320708,0,0.0, 0.0, 0.0, 0.0, 0.0, 0.0, 0.0, 0.0, 60.0, 44.0, 30.3, 4.0, 0.0, 204.0, 10.0, 0.0, 68.0, 53.0, 77.0, 36.0, 47.0, 38.0, 30.35, 30.26, 7.0, 0.0, 10.0, 10.0, 0.0
20141201,47.6062095,-122.3320708,0,0.0, 0.0, 0.0, 0.0, 0.0, 0.0, 0.0, 0.0, 34.0, 21.0, 30.17, 1.0, 0.0, 310.0, 10.0, 0.0, 41.0, 26.0, 75.0, 45.0, 25.0, 16.0, 30.24, 30.11, 9.0, 0.0, 10.0, 10.0, 0.0
20141207,47.6062095,-122.3320708,0,1.0, 0.0, 0.0, 0.0, 0.0, 0.0, 0.0, 0.0, 49.0, 43.0, 30.12, 0.0, 0.0, 269.0, 8.0, 0.0, 55.0, 43.0, 93.0, 54.0, 46.0, 37.0, 30.24, 29.98, 5.0, 0.0, 10.0, 0.0, 0.0
20130323,47.6062095,-122.3320708,0,0.0, 0.0, 0.0, 0.0, 0.0, 0.0, 0.0, 0.0, 42.0, 26.0, 30.37, 3.0, 0.0, 132.0, 10.0, 0.0, 52.0, 34.0, 76.0, 33.0, 30.0, 21.0, 30.41, 30.31, 7.0, 0.0, 10.0, 10.0, 0.0
20130406,47.6062095,-122.3320708,0,0.0, 1.0, 0.0, 0.0, 0.0, 0.0, 0.0, 0.0, 50.0, 43.0, 29.85, 10.0, 0.0, 171.0, 10.0, 0.0, 54.0, 46.0, 86.0, 69.0, 47.0, 40.0, 29.95, 29.71, 17.0, 0.0, 10.0, 6.0, 0.44
20130407,47.6062095,-122.3320708,0,0.0, 1.0, 0.0, 0.0, 0.0, 0.0, 0.0, 0.0, 44.0, 40.0, 29.7, 6.0, 0.0, 105.0, 9.0, 0.0, 48.0, 42.0, 87.0, 80.0, 42.0, 37.0, 29.9, 29.51, 12.0, 4.0, 10.0, 4.0, 0.96
20130404,47.6062095,-122.3320708,0,0.0, 1.0, 0.0, 0.0, 0.0, 0.0, 0.0, 0.0, 56.0, 48.0, 29.75, 3.0, 0.0, 178.0, 8.0, 0.0, 59.0, 52.0, 90.0, 69.0, 53.0, 43.0, 29.94, 29.66, 15.0, 0.0, 10.0, 2.0, 0.41
20130405,47.6062095,-122.3320708,0,0.0, 1.0, 0.0, 0.0, 0.0, 0.0, 0.0, 0.0, 54.0, 48.0, 29.82, 11.0, 0.0, 178.0, 9.0, 0.0, 57.0, 50.0, 89.0, 65.0, 49.0, 46.0, 29.88, 29.74, 14.0, 5.0, 10.0, 3.0, 0.44
20130402,47.6062095,-122.3320708,0,0.0, 0.0, 0.0, 0.0, 0.0, 0.0, 0.0, 0.0, 54.0, 45.0, 30.19, 5.0, 0.0, 168.0, 10.0, 0.0, 57.0, 50.0, 82.0, 64.0, 46.0, 43.0, 30.21, 30.16, 8.0, 0.0, 10.0, 10.0, 0.0
20130403,47.6062095,-122.3320708,0,0.0, 0.0, 0.0, 0.0, 0.0, 0.0, 0.0, 0.0, 55.0, 43.0, 30.12, 2.0, 0.0, 331.0, 10.0, 0.0, 63.0, 48.0, 83.0, 46.0, 45.0, 41.0, 30.2, 29.96, 6.0, 0.0, 10.0, 10.0, 0.0
20130401,47.6062095,-122.3320708,0,0.0, 0.0, 0.0, 0.0, 0.0, 0.0, 0.0, 0.0, 55.0, 45.0, 30.08, 6.0, 0.0, 178.0, 10.0, 0.0, 63.0, 48.0, 87.0, 56.0, 47.0, 40.0, 30.17, 29.99, 12.0, 0.0, 10.0, 10.0, 0.0
20131130,47.6062095,-122.3320708,0,0.0, 1.0, 0.0, 0.0, 0.0, 0.0, 0.0, 0.0, 49.0, 44.0, 30.28, 7.0, 0.0, 151.0, 10.0, 0.0, 53.0, 45.0, 90.0, 71.0, 47.0, 41.0, 30.34, 30.1, 13.0, 5.0, 10.0, 8.0, 0.06
20130408,47.6062095,-122.3320708,0,0.0, 1.0, 0.0, 0.0, 0.0, 0.0, 0.0, 0.0, 50.0, 41.0, 30.12, 6.0, 0.0, 164.0, 10.0, 0.0, 57.0, 44.0, 89.0, 55.0, 43.0, 39.0, 30.28, 29.92, 8.0, 0.0, 10.0, 9.0, 0.04
20130409,47.6062095,-122.3320708,0,0.0, 0.0, 0.0, 0.0, 0.0, 0.0, 0.0, 0.0, 49.0, 40.0, 30.3, 6.0, 0.0, 157.0, 10.0, 0.0, 55.0, 44.0, 85.0, 57.0, 41.0, 38.0, 30.36, 30.19, 8.0, 4.0, 10.0, 10.0, 0.0
20140124,47.6062095,-122.3320708,0,1.0, 0.0, 0.0, 0.0, 0.0, 0.0, 0.0, 0.0, 42.0, 36.0, 30.37, 1.0, 0.0, 196.0, 8.0, 0.0, 52.0, 33.0, 93.0, 63.0, 40.0, 32.0, 30.43, 30.29, 7.0, 0.0, 10.0, 1.0, 0.0
